-- MySQL Administrator dump 1.4
--
-- ------------------------------------------------------
-- Server version	5.1.57


/*!40101 SET @OLD_CHARACTER_SET_CLIENT=@@CHARACTER_SET_CLIENT */;
/*!40101 SET @OLD_CHARACTER_SET_RESULTS=@@CHARACTER_SET_RESULTS */;
/*!40101 SET @OLD_COLLATION_CONNECTION=@@COLLATION_CONNECTION */;
/*!40101 SET NAMES utf8 */;

/*!40014 SET @OLD_UNIQUE_CHECKS=@@UNIQUE_CHECKS, UNIQUE_CHECKS=0 */;
/*!40014 SET @OLD_FOREIGN_KEY_CHECKS=@@FOREIGN_KEY_CHECKS, FOREIGN_KEY_CHECKS=0 */;
/*!40101 SET @OLD_SQL_MODE=@@SQL_MODE, SQL_MODE='NO_AUTO_VALUE_ON_ZERO' */;


--
-- Create schema financefamily
--

CREATE DATABASE IF NOT EXISTS financefamily;
USE financefamily;

--
-- Definition of table `financefamily`.`banco`
--

DROP TABLE IF EXISTS `financefamily`.`banco`;
CREATE TABLE  `financefamily`.`banco` (
  `idbanco` int(11) NOT NULL AUTO_INCREMENT,
  `idfomapgto` int(11) NOT NULL,
  `nro` int(11) NOT NULL,
  `nome` varchar(50) NOT NULL,
  `agencia` varchar(10) NOT NULL,
  `conta` varchar(20) NOT NULL,
  `titular` varchar(100) NOT NULL,
  `cpf` varchar(14) NOT NULL,
  PRIMARY KEY (`idbanco`),
  KEY `FK592C0BBC41E0A39` (`idfomapgto`)
) ENGINE=MyISAM AUTO_INCREMENT=3 DEFAULT CHARSET=latin1;

--
-- Dumping data for table `financefamily`.`banco`
--

/*!40000 ALTER TABLE `banco` DISABLE KEYS */;
LOCK TABLES `banco` WRITE;
INSERT INTO `financefamily`.`banco` VALUES  (1,1,1,'Banco do Brasil','4596-9','19705-x','Daniel A. B. Freire','004.885.241-48'),
 (2,1,356,'Banco Real','0067','3751166','Daniel A. B. Freire','004.885.241-48');
UNLOCK TABLES;
/*!40000 ALTER TABLE `banco` ENABLE KEYS */;


--
-- Definition of table `financefamily`.`bancomovimentacao`
--

DROP TABLE IF EXISTS `financefamily`.`bancomovimentacao`;
CREATE TABLE  `financefamily`.`bancomovimentacao` (
  `idbancomov` int(11) NOT NULL AUTO_INCREMENT,
  `idconta` int(11) NOT NULL,
  `nome` varchar(30) NOT NULL,
  `saldo` double NOT NULL,
  PRIMARY KEY (`idbancomov`),
  KEY `FKD4DBE53E25748223` (`idconta`)
) ENGINE=MyISAM AUTO_INCREMENT=123 DEFAULT CHARSET=latin1;

--
-- Dumping data for table `financefamily`.`bancomovimentacao`
--

/*!40000 ALTER TABLE `bancomovimentacao` DISABLE KEYS */;
LOCK TABLES `bancomovimentacao` WRITE;
INSERT INTO `financefamily`.`bancomovimentacao` VALUES  (1,1,'Banco do Brasil',0),
 (4,1,'Banco Real',0),
 (25,17,'Banco 1',0),
 (26,17,'Banco 2',0),
 (27,17,'Banco 3',0),
 (28,18,'Banco 1',0),
 (29,18,'Banco 2',0),
 (30,18,'Banco 3',0),
 (31,19,'Banco 1',0),
 (32,19,'Banco 2',0),
 (33,19,'Banco 3',0),
 (34,20,'Banco 1',0),
 (35,20,'Banco 2',0),
 (36,20,'Banco 3',0),
 (37,21,'Banco 1',0),
 (38,21,'Banco 2',0),
 (39,21,'Banco 3',0),
 (40,22,'Banco 1',0),
 (41,22,'Banco 2',0),
 (42,22,'Banco 3',0),
 (43,23,'Banco 1',0),
 (44,23,'Banco 2',0),
 (45,23,'Banco 3',0),
 (46,24,'Banco 1',0),
 (47,24,'Banco 2',0),
 (48,24,'Banco 3',0),
 (49,25,'Banco 1',0),
 (50,25,'Banco 2',0),
 (51,25,'Banco 3',0),
 (52,26,'Banco 1',0),
 (53,26,'Banco 2',0),
 (54,26,'Banco 3',0),
 (55,27,'Banco 1',0),
 (56,27,'Banco 2',0),
 (57,27,'Banco 3',0),
 (58,28,'Banco 1',0),
 (59,28,'Banco 2',0),
 (60,28,'Banco 3',0),
 (61,29,'Banco 1',0),
 (62,29,'Banco 2',0),
 (63,29,'Banco 3',0),
 (64,30,'Banco 1',0),
 (65,30,'Banco 2',0),
 (66,30,'Banco 3',0),
 (67,31,'Banco 1',0),
 (68,31,'Banco 2',0),
 (69,31,'Banco 3',0),
 (70,32,'Banco 1',0),
 (71,32,'Banco 2',0),
 (72,32,'Banco 3',0),
 (73,33,'Banco 1',0),
 (74,33,'Banco 2',0),
 (75,33,'Banco 3',0),
 (76,1,'Banco Itaú',0),
 (77,34,'Banco 1',0),
 (78,34,'Banco 2',0),
 (79,34,'Banco 3',0),
 (80,35,'Banco 1',0),
 (81,35,'Banco 2',0),
 (82,35,'Banco 3',0),
 (83,36,'Banco 1',0),
 (84,36,'Banco 2',0),
 (85,36,'Banco 3',0),
 (86,37,'Banco 1',0),
 (87,37,'Banco 2',0),
 (88,37,'Banco 3',0),
 (89,38,'Banco 1',0),
 (90,38,'Banco 2',0),
 (91,38,'Banco 3',0),
 (92,39,'Banco 1',0),
 (95,40,'Itaú',0),
 (96,40,'Banco 2',0),
 (97,40,'Banco 3',0),
 (98,41,'Banco 1',0),
 (99,41,'Banco 2',0),
 (100,41,'Banco 3',0),
 (101,42,'Banco 1',0),
 (102,42,'Banco 2',0),
 (103,42,'Banco 3',0),
 (104,43,'Banco 1',0),
 (105,43,'Banco 2',0),
 (106,43,'Banco 3',0),
 (107,44,'Banco 1',0),
 (108,44,'Banco 2',0),
 (109,44,'Banco 3',0),
 (110,45,'Banco 1',0),
 (111,45,'Banco 2',0),
 (112,45,'Banco 3',0),
 (113,46,'Bradesco',7),
 (114,47,'Banco 1',0),
 (115,47,'Banco 2',0),
 (116,47,'Banco 3',0),
 (117,48,'Banco 1',0),
 (118,48,'Banco 2',0),
 (119,48,'Banco 3',0),
 (120,49,'Banco 1',0),
 (121,49,'Banco 2',0),
 (122,49,'Banco 3',0);
UNLOCK TABLES;
/*!40000 ALTER TABLE `bancomovimentacao` ENABLE KEYS */;


--
-- Definition of table `financefamily`.`comunicado`
--

DROP TABLE IF EXISTS `financefamily`.`comunicado`;
CREATE TABLE  `financefamily`.`comunicado` (
  `idcomunicado` int(11) NOT NULL AUTO_INCREMENT,
  `idconta` int(11) NOT NULL,
  `titulo` varchar(50) NOT NULL,
  `mensagem` varchar(400) NOT NULL,
  `alerta` tinyint(1) NOT NULL,
  `datacomunicado` date NOT NULL,
  PRIMARY KEY (`idcomunicado`),
  KEY `FKEBD741B825748223` (`idconta`)
) ENGINE=MyISAM AUTO_INCREMENT=19 DEFAULT CHARSET=latin1;

--
-- Dumping data for table `financefamily`.`comunicado`
--

/*!40000 ALTER TABLE `comunicado` DISABLE KEYS */;
LOCK TABLES `comunicado` WRITE;
INSERT INTO `financefamily`.`comunicado` VALUES  (6,1,'INFO: Sua conta vencer&aacute; amanh&atilde;.','<u>Aten&ccedil;&atilde;o:</u> O vencimento do per&iacute;odo contrato em seu plano vencer&aacute; amanh&atilde;. Renove agora mesmo e mantenha todos os recursos do Plano Premium.',0,'2011-01-23'),
 (3,1,'INFO: Sua conta vencer&aacute; amanh&atilde;.','<u>Aten&ccedil;&atilde;o:</u> Sua conta vencer&aacute; amanh&atilde;. Para manter os recursos do plano FinanceFamily Premium envie o comprovante de pagamento at&eacute; a data de vencimento.<br /><br /><p align=right>atenciosamente,<br /><font color=#333333><b>Equipe&nbsp;</b></font><font color=#3e7eff><b>FinanceFamily</b></font></p>',0,'2011-01-03'),
 (4,1,'INFO: Sua conta vencer&aacute; amanh&atilde;.','<u>Aten&ccedil;&atilde;o:</u> Sua conta vencer&aacute; amanh&atilde;. Para manter os recursos do plano FinanceFamily Premium envie o comprovante de pagamento at&eacute; a data de vencimento.',0,'2011-01-02'),
 (5,1,'INFO: Seu plano Premium foi desativado.','<u>Aten&ccedil;&atilde;o:</u> Os recursos do FinanceFamily Premium foram desativados, se o pagamento foi realizado dentro do prazo, entre em contato conosco urgentemente (Em hor&aacute;rio comercial).',0,'2011-01-04'),
 (7,17,'Planejamento de limites','Revise os seus tipos de movimentação e limites visando o próximo período.<br />O FinanceFamily aconselha você refazer o seu planejamento para o próximo período no último dia do período atual ou no primeiro dia do período.<br />Lembre-se que não é aconselhável que haja mudança durante o período, pois o FinanceFamily gera o histórico do período atual no último dia do mesmo.',1,'2011-03-15'),
 (8,17,'Planejamento de limites','Revise os seus tipos de movimentação e limites visando o próximo período.<br />O FinanceFamily aconselha você refazer o seu planejamento para o próximo período no último dia do período atual ou no primeiro dia do período.<br /><br />Lembre-se que não é aconselhável que haja mudança durante o período, pois o FinanceFamily gera o histórico do período atual no último dia do mesmo.',0,'2011-02-13'),
 (9,18,'INFO: Sua conta vencer&aacute; amanh&atilde;.','<u>Aten&ccedil;&atilde;o:</u> Sua conta vencer&aacute; amanh&atilde; (15/02/2011). Para manter os recursos do plano FinanceFamily Premium envie o comprovante de pagamento at&eacute; a data de vencimento.',1,'2011-02-14'),
 (10,19,'INFO: Sua conta vencer&aacute; amanh&atilde;.','<u>Aten&ccedil;&atilde;o:</u> Sua conta vencer&aacute; amanh&atilde; (15/02/2011). Para manter os recursos do plano FinanceFamily Premium envie o comprovante de pagamento at&eacute; a data de vencimento.',1,'2011-02-14'),
 (11,20,'INFO: Sua conta vencer&aacute; amanh&atilde;.','<u>Aten&ccedil;&atilde;o:</u> Sua conta vencer&aacute; amanh&atilde; (15/02/2011). Para manter os recursos do plano FinanceFamily Premium envie o comprovante de pagamento at&eacute; a data de vencimento.',1,'2011-02-14'),
 (12,18,'INFO: Seu plano Premium foi desativado.','<u>Aten&ccedil;&atilde;o:</u> Os recursos do FinanceFamily Premium foram desativados, se o pagamento foi realizado dentro do prazo, entre em contato conosco urgentemente (Em hor&aacute;rio comercial).',1,'2011-02-16'),
 (13,19,'INFO: Seu plano Premium foi desativado.','<u>Aten&ccedil;&atilde;o:</u> Os recursos do FinanceFamily Premium foram desativados, se o pagamento foi realizado dentro do prazo, entre em contato conosco urgentemente (Em hor&aacute;rio comercial).',1,'2011-02-16'),
 (14,20,'INFO: Seu plano Premium foi desativado.','<u>Aten&ccedil;&atilde;o:</u> Os recursos do FinanceFamily Premium foram desativados, se o pagamento foi realizado dentro do prazo, entre em contato conosco urgentemente (Em hor&aacute;rio comercial).',1,'2011-02-16'),
 (15,42,'INFO: Sua conta vencer&aacute; amanh&atilde;.','<u>Aten&ccedil;&atilde;o:</u> Sua conta vencer&aacute; amanh&atilde; (31/03/2011). Para manter os recursos do plano FinanceFamily Premium envie o comprovante de pagamento at&eacute; a data de vencimento.',1,'2011-03-30'),
 (16,42,'INFO: Seu plano Premium foi desativado.','<u>Aten&ccedil;&atilde;o:</u> Os recursos do FinanceFamily Premium foram desativados, se o pagamento foi realizado dentro do prazo, entre em contato conosco urgentemente (Em hor&aacute;rio comercial).',1,'2011-04-01'),
 (17,49,'INFO: Sua conta vencer&aacute; amanh&atilde;.','<u>Aten&ccedil;&atilde;o:</u> Sua conta vencer&aacute; amanh&atilde; (02/05/2011). Para manter os recursos do plano FinanceFamily Premium envie o comprovante de pagamento at&eacute; a data de vencimento.',1,'2011-05-01'),
 (18,49,'INFO: Seu plano Premium foi desativado.','<u>Aten&ccedil;&atilde;o:</u> Os recursos do FinanceFamily Premium foram desativados, se o pagamento foi realizado dentro do prazo, entre em contato conosco urgentemente (Em hor&aacute;rio comercial).',1,'2011-05-03');
UNLOCK TABLES;
/*!40000 ALTER TABLE `comunicado` ENABLE KEYS */;


--
-- Definition of table `financefamily`.`conta`
--

DROP TABLE IF EXISTS `financefamily`.`conta`;
CREATE TABLE  `financefamily`.`conta` (
  `idconta` int(11) NOT NULL AUTO_INCREMENT,
  `periodogratuito` tinyint(1) NOT NULL,
  `idfomapgto` int(11) DEFAULT NULL,
  `nometitular` varchar(100) DEFAULT NULL,
  `profissao` varchar(100) DEFAULT NULL,
  `tipo` int(11) NOT NULL,
  `contrato` int(11) DEFAULT NULL,
  `dataregistro` date NOT NULL,
  `comoconheceu` varchar(100) DEFAULT NULL,
  `tipoPeriodo` int(11) NOT NULL,
  `diaInicioPeriodo` int(11) NOT NULL,
  `dataAlter` date DEFAULT NULL,
  `status` tinyint(1) NOT NULL,
  PRIMARY KEY (`idconta`),
  KEY `FK5A7376FC41E0A39` (`idfomapgto`)
) ENGINE=MyISAM AUTO_INCREMENT=50 DEFAULT CHARSET=latin1;

--
-- Dumping data for table `financefamily`.`conta`
--

/*!40000 ALTER TABLE `conta` DISABLE KEYS */;
LOCK TABLES `conta` WRITE;
INSERT INTO `financefamily`.`conta` VALUES  (1,1,1,'Daniel','Analista de Sistemas',1,3,'2010-12-16','Outros',1,15,'2011-01-17',1),
 (17,0,NULL,'','',0,NULL,'2011-01-24','Pelo Google.com ou sites de busca',1,14,'2011-02-13',1),
 (18,1,1,'','',0,1,'2011-02-02','Pelo Google.com ou sites de busca',0,28,'2011-02-02',0),
 (19,1,2,'','',0,2,'2011-02-02','Pelo Google.com ou sites de busca',2,20,'2011-02-02',0),
 (20,0,2,'','',0,1,'2011-02-04','Outros',1,1,NULL,0),
 (21,0,1,'Bruno Nascimento','Desenvolvedor',1,2,'2011-02-07','Promoção cod: SULA1985X',1,1,'2011-02-07',1),
 (22,0,1,'Lucas Correia Evangelista','Analista de Sistemas - Desenvolvedor',1,2,'2011-02-07','Promoção cod: SULA1985X',1,1,NULL,1),
 (23,0,1,'Waldemar Guerra','Administrador de Empresas',1,2,'2011-02-08','Promoção cod: SULA1985X',1,1,'2011-02-08',1),
 (24,0,1,'Driele Vasconcelos','',1,2,'2011-02-09','Promoção cod: SULA1985X',1,1,NULL,1),
 (25,0,1,'','',1,2,'2011-02-10','Promoção cod: SULA1985X',1,1,NULL,1),
 (26,0,1,'','',1,2,'2011-02-10','Promoção cod: SULA1985X',1,1,NULL,1),
 (27,0,NULL,'','',0,NULL,'2011-02-11','Pelo Google.com ou sites de busca',1,1,NULL,1),
 (28,0,1,'Raphael','',1,2,'2011-02-11','Promoção cod: SULA1985X',1,1,'2011-02-11',1),
 (29,0,NULL,'','',0,NULL,'2011-02-14','Pelo Google.com ou sites de busca',1,2,'2011-03-21',1),
 (30,0,NULL,'Erik Marques','',0,NULL,'2011-02-14','Outros',1,1,NULL,1),
 (31,0,NULL,'','',0,NULL,'2011-02-14','Pelo Google.com ou sites de busca',1,1,NULL,1),
 (32,0,NULL,'Rafae Vieira Suarez','Programador',0,NULL,'2011-02-15','Por propaganda em outro site',1,1,NULL,1),
 (33,0,NULL,'logam','tec informatica',0,NULL,'2011-02-15','Pelo Google.com ou sites de busca',1,1,'2011-02-15',1),
 (34,0,NULL,'','',0,NULL,'2011-02-16','Pelo Google.com ou sites de busca',1,1,'2011-02-16',1),
 (35,0,1,'Daniela Akagui','',1,2,'2011-02-20','Promoção cod: SULA1985X',1,1,NULL,1),
 (36,0,1,'','',1,2,'2011-02-21','Promoção cod: SULA1985X',1,1,NULL,1),
 (37,0,NULL,'','',0,NULL,'2011-03-08','Outros',1,1,'2011-03-08',1),
 (38,0,NULL,'','',0,NULL,'2011-03-08','Por propaganda em outro site',1,1,'2011-03-08',1),
 (39,0,NULL,'ueder','',0,NULL,'2011-03-08','Pelo Google.com ou sites de busca',1,1,NULL,1),
 (40,0,NULL,'','',0,NULL,'2011-03-10','Outros',1,1,NULL,1),
 (41,0,NULL,'marcio de jesus santos','',0,NULL,'2011-03-10','Por um amigo/conhecido',1,1,NULL,1),
 (42,0,1,'','',0,1,'2011-03-20','Pelo Google.com ou sites de busca',1,1,NULL,0),
 (43,0,NULL,'','',0,NULL,'2011-03-24','Por um amigo/conhecido',1,1,'2011-03-27',1),
 (44,0,NULL,'Wedson','Auxiliar Administrativo',0,NULL,'2011-03-24','Outros',1,1,'2011-03-24',1),
 (45,0,NULL,'','',0,NULL,'2011-03-24','Outros',1,1,'2011-03-24',1),
 (46,0,NULL,'Humberto Santos','Estudante de TI',0,NULL,'2011-03-25',NULL,1,1,'2011-03-25',1),
 (47,0,NULL,'','',0,NULL,'2011-03-28','Pelo Google.com ou sites de busca',1,1,NULL,1),
 (48,0,NULL,'Giovano Racaneli','Analista de Redes',0,NULL,'2011-03-29','Outros',1,15,'2011-03-29',1),
 (49,0,2,'','',0,2,'2011-04-19','Pelo Google.com ou sites de busca',1,1,NULL,0);
UNLOCK TABLES;
/*!40000 ALTER TABLE `conta` ENABLE KEYS */;


--
-- Definition of table `financefamily`.`formapgto`
--

DROP TABLE IF EXISTS `financefamily`.`formapgto`;
CREATE TABLE  `financefamily`.`formapgto` (
  `idfomapgto` int(11) NOT NULL AUTO_INCREMENT,
  `titulo` varchar(60) NOT NULL,
  PRIMARY KEY (`idfomapgto`)
) ENGINE=MyISAM AUTO_INCREMENT=3 DEFAULT CHARSET=latin1;

--
-- Dumping data for table `financefamily`.`formapgto`
--

/*!40000 ALTER TABLE `formapgto` DISABLE KEYS */;
LOCK TABLES `formapgto` WRITE;
INSERT INTO `financefamily`.`formapgto` VALUES  (1,'Dep&oacute;sito ou transfer&ecirc;ncia banc&aacute;ria'),
 (2,'PagSeguro');
UNLOCK TABLES;
/*!40000 ALTER TABLE `formapgto` ENABLE KEYS */;


--
-- Definition of table `financefamily`.`helpdesk`
--

DROP TABLE IF EXISTS `financefamily`.`helpdesk`;
CREATE TABLE  `financefamily`.`helpdesk` (
  `idhelpdesk` int(11) NOT NULL AUTO_INCREMENT,
  `descricao` varchar(255) DEFAULT NULL,
  `resposta` varchar(255) DEFAULT NULL,
  `titulo` varchar(255) DEFAULT NULL,
  `visivel` bit(1) DEFAULT NULL,
  `idconta` int(11) DEFAULT NULL,
  PRIMARY KEY (`idhelpdesk`)
) ENGINE=InnoDB AUTO_INCREMENT=3 DEFAULT CHARSET=latin1;

--
-- Dumping data for table `financefamily`.`helpdesk`
--

/*!40000 ALTER TABLE `helpdesk` DISABLE KEYS */;
LOCK TABLES `helpdesk` WRITE;
INSERT INTO `financefamily`.`helpdesk` VALUES  (1,'Gostaria de hjsdijdkajdk djGostaria de hjsdijdkajdk djGostaria de hjsdijdkajdk djGostaria de hjsdijdkajdk dj',NULL,'Como configurar meu período de gerenciamento?',0x00,19),
 (2,'jdijildjlsidjijiljiGostaria de hjsdijdkajdk djGostaria de hjsdijdkajdk djGostaria de hjsdijdkajdk djGostaria de hjsdijdkajdk djGostaria de hjsdijdkajdk dj',NULL,'Gostaria de hjsdijdkajdk djGostaria de hjsdijdkajdk dj',0x00,18);
UNLOCK TABLES;
/*!40000 ALTER TABLE `helpdesk` ENABLE KEYS */;


--
-- Definition of table `financefamily`.`login`
--

DROP TABLE IF EXISTS `financefamily`.`login`;
CREATE TABLE  `financefamily`.`login` (
  `idlogin` int(11) NOT NULL AUTO_INCREMENT,
  `idconta` int(11) NOT NULL,
  `usuario` varchar(15) NOT NULL,
  `senha` varchar(15) NOT NULL,
  `email` varchar(100) NOT NULL,
  `editconf` tinyint(4) NOT NULL,
  `editmov` tinyint(4) NOT NULL,
  `remmov` tinyint(4) NOT NULL,
  `vermov` tinyint(4) NOT NULL,
  `mantertipo` tinyint(4) NOT NULL,
  `verrellimite` tinyint(4) NOT NULL,
  `vergrafreceita` tinyint(4) NOT NULL,
  `vergrafdespesa` tinyint(4) NOT NULL,
  `emaildiario` tinyint(4) NOT NULL,
  `acessocelular` tinyint(4) NOT NULL,
  `manteruser` tinyint(4) NOT NULL,
  `info` tinyint(1) NOT NULL,
  `ultimoacesso` datetime DEFAULT NULL,
  `atualacesso` datetime DEFAULT NULL,
  `titular` tinyint(1) NOT NULL,
  PRIMARY KEY (`idlogin`),
  KEY `FK625EF6925748223` (`idconta`)
) ENGINE=MyISAM AUTO_INCREMENT=53 DEFAULT CHARSET=latin1;

--
-- Dumping data for table `financefamily`.`login`
--

/*!40000 ALTER TABLE `login` DISABLE KEYS */;
LOCK TABLES `login` WRITE;
INSERT INTO `financefamily`.`login` VALUES  (1,1,'admin','21177001','daniel@danielfreire.net',1,1,1,1,1,1,1,1,1,1,1,1,'2011-06-12 23:41:19','2011-06-19 17:46:56',1),
 (20,17,'teste','123456','daniel@danielfreire.net',1,1,1,1,1,1,1,1,0,0,0,1,'2011-02-17 13:04:46','2011-04-19 12:06:37',1),
 (21,18,'teste2','123456','daniel@danielfreire.net',1,1,1,1,1,1,1,1,1,1,1,1,'2011-02-02 17:03:22','2011-02-02 17:10:15',1),
 (22,19,'teste3','123456','daniel@danielfreire.net',1,1,1,1,1,1,1,1,1,1,1,1,'2011-02-02 17:18:46','2011-02-02 17:20:08',1),
 (23,20,'dgardin','danilao','danilo.gardin@sulamerica.com.br',1,1,1,1,1,1,1,1,1,1,1,0,NULL,NULL,1),
 (24,21,'brunocn80','a1b2c3d4','brunocn80@gmail.com',1,1,1,1,1,1,1,1,0,0,1,1,NULL,'2011-02-07 22:05:57',1),
 (25,22,'lucascoevan','alviverde','lucascorreiaevangelista@gmail.com',1,1,1,1,1,1,1,1,1,1,1,0,NULL,'2011-02-07 23:05:14',1),
 (26,23,'wguerra','botucatu','wmguerra@terra.com.br',1,1,1,1,1,1,1,1,0,0,1,0,NULL,'2011-02-08 15:15:46',1),
 (27,24,'drielevas','21177001','daniel@danielfreire.net',1,1,1,1,1,1,1,1,1,1,1,0,NULL,'2011-02-09 00:30:29',1),
 (28,25,'thuram_','21177001','danielabfreire@gmail.com',1,1,1,1,1,1,1,1,1,1,1,0,NULL,NULL,1),
 (29,26,'romario','21177001','daniel@danielfreire.net',1,1,1,1,1,1,1,1,1,1,1,0,NULL,'2011-02-10 10:51:53',1),
 (30,27,'rafael','21177001','daniel@danielfreire.net',1,1,1,1,1,1,1,1,0,0,0,0,NULL,'2011-02-11 00:46:56',1),
 (31,28,'raphaelnaka','naka20','raphael.watanabe@sulamerica.com.br',1,1,1,1,1,1,1,1,1,1,1,0,NULL,'2011-02-11 15:30:46',1),
 (38,35,'dakagui','pirapora','daniakagui@gmail.com',1,1,1,1,1,1,1,1,1,1,1,0,NULL,'2011-02-20 15:18:49',1),
 (32,29,'evandir','e1c2l311','java1@uol.com.br',1,1,1,1,1,1,1,1,0,0,0,1,'2011-03-21 01:06:15','2011-03-21 22:31:18',1),
 (33,30,'erikmarques','erikmarques','erikmsilva@gmail.com',1,1,1,1,1,1,1,1,0,0,0,0,'2011-02-14 17:43:47','2011-02-14 18:00:37',1),
 (34,31,'josua15','842856','joshua_costa@otmail.com',1,1,1,1,1,1,1,1,0,0,0,0,NULL,NULL,1),
 (35,32,'rafaelv_s','pvma8232','rafaelv_s@homail.com',1,1,1,1,1,1,1,1,0,0,0,0,NULL,NULL,1),
 (36,33,'logam','koslova','logam2@gmail.com',1,1,1,1,1,1,1,1,0,0,0,1,NULL,'2011-02-15 11:09:54',1),
 (37,34,'teste6','21177001','daniel@danielfreire.net',1,1,1,1,1,1,1,1,0,0,0,0,NULL,'2011-02-16 00:31:06',1),
 (39,36,'teste10','21177001','danielabfreire@gmail.com',1,1,1,1,1,1,1,1,1,1,1,0,NULL,'2011-02-21 10:25:25',1),
 (40,37,'andreupe','26102610','andreupe@gmail.com',1,1,1,1,1,1,1,1,0,0,0,0,NULL,'2011-03-08 12:39:16',1),
 (41,38,'marcio_leonel25','kiloko','marcio.leonel@gmail.com',1,1,1,1,1,1,1,1,0,0,0,0,NULL,'2011-03-08 12:52:03',1),
 (42,39,'uedercosta','moto0784','ueder.programador@gmail.com',1,1,1,1,1,1,1,1,0,0,0,1,NULL,'2011-03-08 23:05:00',1),
 (43,40,'emandrad','maduro05','emandrad@bol.com.br',1,1,1,1,1,1,1,1,0,0,0,1,'2011-03-10 13:24:18','2011-05-23 09:28:12',1),
 (44,41,'marciodejesus','ma0407io','marciodjs@ig.com.br',1,1,1,1,1,1,1,1,0,0,0,0,NULL,'2011-03-10 20:53:11',1),
 (45,42,'tsjkjjijo','21177001','daniel@danielfreire.net',1,1,1,1,1,1,1,1,1,1,1,0,NULL,NULL,1),
 (46,43,'ktux','awdlij33rocorol','rodrigo.corol@gmail.com',1,1,1,1,1,1,1,1,0,0,0,1,NULL,'2011-03-27 10:10:01',1),
 (47,44,'wbeloni','080787wb','wbeloni@gmail.com',1,1,1,1,1,1,1,1,0,0,0,0,'2011-04-14 21:21:24','2011-04-14 21:52:48',1),
 (48,45,'mar22celo','mar22celo','marcelo-salamoni@hotmail.com',1,1,1,1,1,1,1,1,0,0,0,0,NULL,'2011-03-24 12:40:16',1),
 (49,46,'hsoservicos','h2s6v4o0','hsoservicos@oi.com.br',1,1,1,1,1,1,1,1,0,0,0,1,NULL,'2011-03-25 00:05:04',1),
 (50,47,'gustavo','hardc0re','oliv.dg@gmail.com',1,1,1,1,1,1,1,1,0,0,0,0,NULL,'2011-03-28 12:28:41',1),
 (51,48,'giovanoracaneli','kirovsdkw','giovanoracaneli@gmail.com',1,1,1,1,1,1,1,1,0,0,0,1,'2011-03-29 08:01:02','2011-03-29 12:43:01',1),
 (52,49,'teste987','21177001','daniel@danielfreire.net',1,1,1,1,1,1,1,1,1,1,1,0,NULL,NULL,1);
UNLOCK TABLES;
/*!40000 ALTER TABLE `login` ENABLE KEYS */;


--
-- Definition of table `financefamily`.`movimentacao`
--

DROP TABLE IF EXISTS `financefamily`.`movimentacao`;
CREATE TABLE  `financefamily`.`movimentacao` (
  `idmov` int(11) NOT NULL AUTO_INCREMENT,
  `idconta` int(11) NOT NULL,
  `idtipomov` int(11) NOT NULL,
  `idbancomov` int(11) DEFAULT NULL,
  `titulo` varchar(50) NOT NULL,
  `descricao` varchar(200) DEFAULT NULL,
  `datamov` datetime NOT NULL,
  `valor` double NOT NULL,
  `formapgto` int(11) NOT NULL,
  PRIMARY KEY (`idmov`),
  KEY `FK1BB3650372967752` (`idbancomov`),
  KEY `FK1BB365038CAA84C5` (`idtipomov`),
  KEY `FK1BB3650325748223` (`idconta`)
) ENGINE=MyISAM AUTO_INCREMENT=643 DEFAULT CHARSET=latin1;

--
-- Dumping data for table `financefamily`.`movimentacao`
--

/*!40000 ALTER TABLE `movimentacao` DISABLE KEYS */;
LOCK TABLES `movimentacao` WRITE;
INSERT INTO `financefamily`.`movimentacao` VALUES  (1,1,2,1,'Hospedagem','KingHost','2010-12-16 19:13:56',44,1),
 (2,1,3,1,'Mãe (4-6)','Pagamento de parcelas do empréstimo obtido com minha mãe.','2010-12-24 17:16:31',2400,1),
 (3,1,2,1,'Plano de Saúde','','2010-12-24 19:19:01',287.34,1),
 (4,1,2,1,'Plano Dentário','','2010-12-24 19:19:51',54,1),
 (5,1,2,1,'Aluguel (5-9)','','2010-12-29 18:46:57',550,1),
 (6,1,2,1,'Condôminio (6-12)','','2011-01-01 19:22:59',534,1),
 (7,1,3,1,'Banco Real (6-12)','','2011-01-05 19:24:10',540,1),
 (9,1,11,1,'Doces','','2010-12-16 19:31:10',13.5,0),
 (10,1,12,NULL,'Cafezinho','','2010-12-17 13:08:39',1.9,0),
 (11,1,5,1,'Farmácia','Remédios para garganta.','2010-12-17 13:45:37',36.85,1),
 (12,1,2,1,'Gás','','2010-12-23 20:39:46',45.5,1),
 (13,1,2,1,'Energia Elétrica','','2010-12-24 13:58:10',63.44,1),
 (14,1,6,1,'Empréstimo - Mãe','Por conta do atrasa no salário.','2010-12-18 14:01:16',3000,1),
 (16,1,12,1,'Lanche','','2010-12-17 14:07:59',5,0),
 (628,1,19,76,'Remédios (Emergencia)','','2011-04-20 21:47:23',3.18,1),
 (18,1,5,1,'Farmácia','Remédio contra gripe','2010-12-18 19:20:52',16.62,1),
 (19,1,18,1,'Aluguel de DVD','','2010-12-18 19:21:32',6.48,1),
 (20,1,11,1,'Pães','','2010-12-18 19:22:09',2.41,1),
 (21,1,11,1,'Pães','','2010-12-17 19:23:15',2.5,0),
 (22,1,4,1,'Agua','','2010-12-18 19:23:36',2.5,1),
 (26,1,4,1,'Coca e Margarina','','2010-12-19 16:56:48',7.5,1),
 (27,1,11,1,'Padaria','Bolo e Pão','2010-12-19 16:57:46',14.23,1),
 (28,1,12,1,'Cafezinho','','2010-12-20 22:06:28',4.3,1),
 (29,1,4,1,'Água','','2010-12-20 22:06:54',2.5,1),
 (30,1,11,1,'Pão','','2010-12-20 22:07:23',2.08,1),
 (31,1,13,NULL,'Táxi','','2010-12-20 22:07:55',24,0),
 (32,1,15,NULL,'Almoço','','2010-12-20 22:08:23',18.8,0),
 (33,1,13,NULL,'Táxi','','2010-12-20 22:09:04',26.6,0),
 (34,1,6,1,'Empréstimo Mãe','','2010-12-20 22:11:47',2000,1),
 (35,1,7,NULL,'Conserto Carro','Parte do pagamento em dinheiro','2010-12-21 11:12:54',1250,0),
 (36,1,7,1,'Conserto Carro','Parte do pagamento pago com cartão do banco do brasil','2010-12-21 11:13:47',575,1),
 (37,1,7,4,'Conserto Carro','Parte do pagamento pago com o cartão do banco real','2010-12-21 11:15:08',575,1),
 (38,1,13,NULL,'Táxi','','2010-12-21 11:17:07',10,0),
 (39,1,13,NULL,'Táxi','','2010-12-21 11:17:25',11,0),
 (41,1,1,1,'Salário Atrasado (Parte)','Parte do salário referente ao dia 15/12.','2010-12-21 13:42:42',1000,1),
 (42,1,11,1,'Padaria','Compras diversas na padaria','2010-12-21 13:44:13',24.31,1),
 (43,1,6,1,'Compras para Sogros','Dinheiro depositado para cobrir as encomendas pedidas','2010-12-22 13:45:15',200,1),
 (44,1,17,1,'Short Largo','','2010-12-22 13:46:30',40,1),
 (45,1,15,1,'Almoço','','2010-12-22 13:46:55',26.55,1),
 (46,1,13,NULL,'Estacionamento','No brás','2010-12-22 15:19:15',15,0),
 (47,1,5,1,'Remédio Heick','','2010-12-22 20:43:11',40,1),
 (48,1,12,1,'Cafezinho','','2010-12-22 20:44:36',4.6,1),
 (49,1,13,1,'Gasolina','','2010-12-22 20:45:05',50,1),
 (50,1,4,1,'Mercado','','2010-12-22 20:48:13',29.97,1),
 (51,1,17,1,'Salão','','2010-12-22 20:49:21',82,1),
 (52,1,17,1,'Sapato','','2010-12-22 20:49:49',92,1),
 (627,1,19,76,'Almoco (Lazer)','','2011-04-23 21:45:52',47.6,1),
 (55,1,17,NULL,'Roupas','','2010-12-22 20:55:39',70,0),
 (56,1,11,NULL,'Sorvete','','2010-12-22 20:56:12',1.5,0),
 (626,1,19,76,'Roupas (Driele)','','2011-04-23 21:44:30',26.45,1),
 (58,1,17,NULL,'Short','','2010-12-22 20:57:23',45,0),
 (59,1,17,NULL,'Camiseta','','2010-12-22 20:57:37',15,0),
 (60,1,7,NULL,'Calça (Encomenda)','Encomenda da sogra','2010-12-22 20:58:21',38,0),
 (61,1,12,NULL,'Café no Brás','','2010-12-22 20:58:55',7.6,0),
 (62,1,17,NULL,'Blusa','','2010-12-22 20:59:35',27,0),
 (63,1,17,NULL,'Blusa Xadrez (2)','','2010-12-22 20:59:57',60,0),
 (64,1,7,NULL,'Casaco (Encomenda)','Encomenda da sogra','2010-12-22 21:00:30',40,0),
 (625,1,17,76,'Roupas','','2011-04-23 21:43:58',53.55,1),
 (66,1,5,1,'Super bonder','','2010-12-23 12:39:34',9.3,1),
 (624,1,18,76,'Almoço','','2011-04-23 21:45:15',59.98,1),
 (623,1,11,76,'Padaria',NULL,'2011-04-22 11:26:41',21.17,1),
 (622,1,18,76,'Jantar',NULL,'2011-04-21 21:25:47',49,1),
 (621,1,17,76,'Roupa de BB',NULL,'2011-04-21 21:24:40',11.99,1),
 (73,1,1,1,'Salário (parte atrasada)','2a parte do 1o salário com vencimento no dia 15/12.','2010-12-24 17:15:42',5129,1),
 (74,1,7,1,'Empréstimo Mãe (Devolvendo)','','2010-12-24 17:20:39',2450,1),
 (75,1,2,1,'Aluguel (5-9)','','2010-12-30 18:47:49',550,1),
 (620,1,4,76,'Mercado',NULL,'2011-04-21 18:31:31',74.09,1),
 (619,1,10,NULL,'heick',NULL,'2011-04-21 18:05:25',20,0),
 (618,1,18,NULL,'Sorvete',NULL,'2011-04-21 18:04:31',3,0),
 (617,1,13,NULL,'Estacionamento',NULL,'2011-04-21 18:03:44',22,0),
 (616,1,17,76,'Sapato',NULL,'2011-04-21 18:01:57',29.9,1),
 (615,1,19,76,'Sapato presente',NULL,'2011-04-21 18:01:05',49.9,1),
 (614,1,18,76,'Almoço',NULL,'2011-04-21 17:59:32',39.57,1),
 (613,1,2,76,'Condomínio','','2011-05-01 12:12:28',534,6),
 (86,1,4,1,'Água e Coca-cola','','2010-12-28 18:56:41',7.7,1),
 (612,1,2,76,'Comgás','','2011-04-25 12:07:49',30.98,6),
 (90,1,1,1,'Salário','40%','2010-12-28 19:06:53',4086,1),
 (91,1,2,1,'NetCombo','','2011-01-10 19:09:45',198.71,1),
 (92,1,7,NULL,'Mecânico na Estrada (Parte 1)','Guincho - R$ 250,00 e Conserto (Correia Dentada) - R$ 680,00','2010-12-27 19:16:59',680,0),
 (93,1,6,1,'Resgate Poupança','','2010-12-28 19:15:56',700,1),
 (94,1,19,1,'Mecânico na Estrada (Parte 2)','Guincho','2010-12-27 19:17:51',250,1),
 (95,1,17,1,'Cartão de Crédito','','2011-01-10 19:34:54',78.6,2),
 (96,1,5,1,'Recarga Celular','','2010-12-28 19:37:45',17,1),
 (97,1,15,NULL,'Almoço','Tickets do Guelfi (3)','2010-12-29 18:03:43',15,0),
 (98,1,12,1,'Cafezinho','','2010-12-29 18:04:57',1.9,1),
 (99,1,12,1,'Lanche','','2010-12-29 18:05:28',4.6,1),
 (100,1,15,1,'Almoço (Pizzaria)','','2010-12-30 13:45:47',23.9,1),
 (101,1,15,NULL,'Almoço','Ticket (2)','2010-12-30 13:49:28',10,0),
 (102,1,12,1,'Cafezinho','','2010-12-30 13:49:48',1.9,1),
 (103,1,5,NULL,'Bolão MegaSena','','2010-12-30 16:57:27',10,0),
 (104,1,12,1,'Cafezinho','','2010-12-30 16:57:57',1.9,1),
 (105,1,18,1,'McDonalds','','2010-12-30 11:47:50',9,1),
 (106,1,5,1,'Nuvaring','','2010-12-30 11:49:05',42.5,1),
 (107,1,4,1,'Compras Sexy','','2010-12-30 11:50:22',18.97,1),
 (108,1,10,1,'Compras Heick','','2010-12-30 11:51:23',76.33,1),
 (109,1,8,1,'Compras Casa','','2010-12-30 11:52:06',29,1),
 (110,1,4,1,'Compras','','2010-12-30 11:52:39',388.15,1),
 (113,1,11,1,'Pães','','2010-12-29 11:54:27',1.86,1),
 (114,1,8,1,'Utensílios','Capa de Chuva e Barbante','2010-12-31 14:33:52',11.1,1),
 (115,1,4,1,'Papel Alumínio','','2010-12-31 14:34:27',6.98,1),
 (116,1,17,1,'Manicure','','2010-12-31 14:35:06',27,1),
 (118,1,11,1,'Pães','','2011-01-02 19:17:46',2.69,1),
 (119,1,18,1,'Filmes e Pipoca','','2011-01-02 19:19:12',23.44,1),
 (120,1,12,1,'Lanche','','2011-01-03 16:22:59',4.3,1),
 (121,1,12,1,'Cafezinho','','2011-01-03 16:23:27',3,1),
 (122,1,12,NULL,'Lanche da tarde','','2011-01-03 16:24:01',4.3,0),
 (123,1,15,NULL,'Almoço','Tickets (4)','2011-01-04 17:50:56',20,0),
 (124,1,12,1,'Lanche','','2011-01-04 17:51:35',10,1),
 (125,1,11,1,'Padaria','Pão, geleia e bolo','2011-01-04 00:59:04',25.47,1),
 (126,1,12,NULL,'Cafezinho','','2011-01-05 18:28:46',1.9,0),
 (127,1,12,NULL,'Cafezinho','','2011-01-06 18:29:12',1.9,0),
 (128,1,12,1,'Lanche','','2011-01-06 18:29:42',5.4,1),
 (129,1,11,1,'Compras','Pães e Frios','2011-01-06 18:30:30',11,1),
 (131,1,12,1,'Cafezinho','','2011-01-07 18:31:20',1.9,1),
 (133,1,10,1,'Banho Heick','Parte 1','2011-01-07 18:38:36',23.67,1),
 (134,1,5,1,'Dedetização','Parte 1','2011-01-07 18:34:52',27.73,3),
 (135,1,8,1,'Dedetização','Parte 2','2011-01-07 18:35:43',9.9,3),
 (137,1,19,1,'Dedetização','Parte 4','2011-01-07 18:37:13',11.7,3),
 (138,1,19,1,'Banho Heick','Parte 2','2011-01-07 18:38:04',4.33,1),
 (139,1,2,1,'Hospedagem','','2011-01-17 23:19:32',44,1),
 (140,1,2,1,'Plano de Saúde','','2011-01-24 23:22:13',287.34,1),
 (141,1,2,1,'Condomínio','','2011-02-01 23:23:24',534,1),
 (142,1,2,1,'Plano Dentário','','2011-01-24 23:24:17',54,1),
 (143,1,2,1,'Aluguel','50%','2011-01-31 23:26:14',550,1),
 (144,1,2,1,'Aluguel','50%','2011-02-01 23:27:30',550,1),
 (145,1,3,1,'Mãe (5-7)','','2011-02-02 23:29:11',1600,1),
 (146,1,3,4,'Banco Real (7-12)','','2011-02-05 23:31:10',540,2),
 (147,1,2,1,'Contador','','2011-01-31 23:42:38',120,1),
 (148,1,2,1,'NetCombo','','2011-02-10 23:33:04',200,1),
 (149,1,1,1,'Salário','60%','2011-01-15 23:34:11',4711.2,1),
 (150,1,1,1,'Salário','','2011-01-31 23:35:11',3141,1),
 (151,1,18,1,'Aluguel de DVD','','2011-01-15 19:00:30',7,1),
 (152,1,4,1,'Frutas e Verduras','','2011-01-15 19:01:07',29.96,1),
 (153,1,4,1,'Compras','','2011-01-15 19:01:35',231.9,1),
 (154,1,8,1,'Armário','','2011-01-15 19:02:52',89.9,1),
 (155,1,13,NULL,'Estacionamento','Shopping Portal do Morumbi, compras de frutas e verduras','2011-01-15 19:04:26',2,0),
 (156,1,8,NULL,'Suporte para Orquídea','','2011-01-15 19:05:07',5,0),
 (158,1,18,NULL,'Lanche','Lanche na leroy merlin.','2011-01-15 19:07:35',17.2,0),
 (159,1,18,NULL,'Aquário','','2011-01-16 16:49:19',60,0),
 (160,1,18,NULL,'Sorvete','no Aquário','2011-01-16 16:50:15',3,0),
 (161,1,18,1,'Almoço','Japonês na Liberdade','2011-01-16 16:53:48',42.48,1),
 (162,1,18,1,'Sorvete','Restaurante Japonês','2011-01-16 16:53:29',16.61,1),
 (163,1,17,1,'Estojo Pinceis','','2011-01-16 16:55:02',29.9,1),
 (164,1,8,1,'Bandeja','Bandeja para organizar area de serviço','2011-01-16 16:56:02',5.1,1),
 (165,1,17,1,'Utensílios para casa','','2011-01-16 16:56:31',38,1),
 (166,1,10,1,'Ração e Remédio','','2011-01-16 16:57:02',52.45,1),
 (167,1,10,1,'Jornal','','2011-01-15 16:57:29',5,1),
 (168,1,11,1,'Coca-cola','','2011-01-15 16:58:45',5.2,1),
 (169,1,13,1,'Gasolina','','2011-01-16 16:59:12',50,1),
 (170,1,12,1,'Cafezinho (2)','','2011-01-17 23:06:15',7.4,1),
 (171,1,17,1,'Remédio para Cabelo','','2011-01-17 23:05:55',21.61,1),
 (172,1,5,1,'Remédios','Meticortem e remédio contra Gripe','2011-01-18 10:13:57',43.15,1),
 (173,1,12,1,'Cafezinho','','2011-01-18 10:14:45',5.15,1),
 (175,1,12,NULL,'Cafezinho','','2011-01-19 10:15:58',1.9,0),
 (177,1,12,NULL,'Cafezinho','','2011-01-19 11:16:56',1.9,0),
 (184,1,12,1,'Cafezinho','','2011-01-20 19:23:08',5.5,1),
 (185,1,12,1,'Cafezinho','','2011-01-19 19:25:01',5.5,1),
 (186,1,2,1,'Conta de Luz','','2011-01-27 19:30:45',59.8,1),
 (187,1,2,1,'Conta de Gás','','2011-01-24 19:31:31',36.59,1),
 (188,1,12,NULL,'Cafezinho','','2011-01-21 17:37:14',1.9,0),
 (190,1,18,1,'Pizza','','2011-01-21 09:56:37',29.9,1),
 (191,1,11,1,'Padaria','','2011-01-21 20:46:52',10.6,1),
 (192,1,18,1,'Lanche','Esfirraria Aladim','2011-01-22 02:02:59',38.7,1),
 (194,1,11,1,'Padaria','','2011-01-23 16:08:36',14.94,1),
 (195,1,11,1,'Sorvete','','2011-01-24 20:03:24',6,1),
 (196,1,12,NULL,'Cafezinho','','2011-01-24 16:09:57',1.9,0),
 (197,1,12,1,'Cafezinho','','2011-01-24 19:59:47',1.9,1),
 (198,1,12,NULL,'Cafe Driele','','2011-01-24 20:03:06',1.7,0),
 (199,1,5,1,'Remedios (Ginecologista)','','2011-01-24 20:04:18',46.5,1),
 (200,1,5,1,'Remedio (Ginecologista)','','2011-01-24 20:07:33',40.84,1),
 (201,1,11,1,'Chocolate','','2011-01-24 20:08:28',15.4,1),
 (202,1,15,1,'McDonald\'s','','2011-01-24 20:09:38',7,1),
 (203,1,13,NULL,'Taxi','','2011-01-24 20:10:30',16.7,0),
 (205,1,7,1,'Sofá','','2011-01-24 20:12:59',549,1),
 (206,1,6,1,'Empréstimo Mãe','','2011-01-24 20:16:34',600,4),
 (207,1,18,1,'Jantar no JardimSul','','2011-01-25 22:24:11',19.51,1),
 (208,1,18,1,'Cafe no Jardim Sul','','2011-01-25 22:26:34',13.1,1),
 (209,1,18,1,'Sorvete','Shopping JardimSul','2011-01-25 22:27:11',8.5,1),
 (210,1,13,1,'Estacionamento','Shopping JardimSul','2011-01-25 22:27:44',7,1),
 (211,1,4,1,'Mercado','Carrefour Giovanni Gronchi (Parte 1)','2011-01-25 20:40:24',238.14,1),
 (212,1,5,1,'Mercado','Carrefour Giovanni Gronchi (Parte 2)','2011-01-25 22:30:16',46.91,1),
 (213,1,12,NULL,'Cafezinho','','2011-01-26 13:40:50',1.9,0),
 (214,1,15,NULL,'Almoço','4 tickets','2011-01-26 13:42:55',20,0),
 (215,1,15,NULL,'Almoço','2 tickets','2011-01-21 13:44:22',10,0),
 (216,1,12,NULL,'Lanche','','2011-01-26 16:44:27',3.7,0),
 (219,1,5,1,'Remedios','Cefaliv e DorFlex','2011-01-26 21:40:08',16.05,1),
 (220,1,12,NULL,'Cafezinho','','2011-01-27 16:40:43',3.7,0),
 (221,1,12,NULL,'Café da tarde','','2011-01-27 16:41:09',4.7,0),
 (222,1,12,NULL,'Cafezinho','','2011-01-28 19:58:13',1.9,0),
 (224,1,10,1,'Jornal','','2011-01-28 22:11:20',2.5,1),
 (226,1,11,1,'Lanche','','2011-01-28 22:13:45',9.86,1),
 (231,1,15,1,'Almoco','','2011-01-30 18:18:37',49.2,1),
 (230,1,13,1,'Gasolina','','2011-01-30 18:14:58',50,1),
 (232,1,17,1,'Pincel','','2011-01-30 18:19:10',18.9,1),
 (233,1,18,1,'Sorvete','','2011-01-30 18:19:45',14.19,1),
 (235,1,11,1,'Padaria','','2011-01-30 18:21:09',24.31,1),
 (236,1,18,NULL,'Perfume para Casa','','2011-01-30 18:24:31',8,0),
 (237,1,13,NULL,'Estacionamento','Liberdade','2011-01-30 18:24:59',15,0),
 (238,1,12,NULL,'Cafezinho','','2011-01-31 20:35:08',1.9,0),
 (239,1,12,1,'Cafezinho','','2011-01-31 20:35:25',1.9,1),
 (240,1,12,1,'Cafezinho','','2011-02-01 20:09:52',5,1),
 (242,1,11,1,'Padaria','','2011-02-01 20:11:08',2.64,1),
 (243,1,12,1,'Cafezinho','','2011-02-02 00:09:58',2,1),
 (244,1,12,1,'Cafezinho','','2011-02-02 00:12:50',2,1),
 (245,1,11,1,'Doces','','2011-02-02 00:12:37',28.7,1),
 (246,1,13,NULL,'Passagens','','2011-02-02 00:13:52',6,0),
 (247,1,11,NULL,'Sorvete','','2011-02-02 00:14:20',6,0),
 (249,1,11,1,'Padaria','','2011-02-03 14:24:29',16.28,1),
 (250,1,5,1,'Carefree','','2011-02-03 14:24:53',6.5,1),
 (251,1,7,1,'Cartão de Crédito','Anuidade e cartão de celular comprado no mês passado','2011-02-10 14:36:24',26.02,1),
 (252,1,2,1,'Hospedagem','Hospedagem integrator','2011-02-02 14:37:48',64.2,6),
 (253,1,12,1,'Cafezinho','','2011-02-03 20:41:42',2,1),
 (254,1,11,1,'Padaria','','2011-02-03 00:33:45',7.99,1),
 (255,1,13,NULL,'Estacionamento','','2011-02-03 10:45:01',5,0),
 (256,1,12,1,'Cafezinho','','2011-02-04 20:21:54',2,1),
 (257,1,12,1,'Cafezinho','','2011-02-04 20:22:16',2,1),
 (259,1,11,1,'Padaria','','2011-02-04 20:24:20',16.39,1),
 (260,1,11,1,'Mercado','','2011-02-06 00:20:01',72.11,1),
 (261,1,7,1,'Hospedagem','FiannceFamily','2011-02-06 16:39:02',30,1),
 (262,1,7,1,'Cartão Celular','','2011-02-06 16:40:59',34,1),
 (263,1,10,NULL,'Jornal','','2011-02-06 18:32:30',5,0),
 (266,1,11,1,'Coca-cola','','2011-02-06 18:34:36',5.45,1),
 (267,1,15,1,'Almoço (3)','','2011-02-07 19:01:31',30.6,1),
 (268,1,12,1,'Cafezinho','','2011-02-07 19:02:33',2,1),
 (269,1,17,1,'Cartão Driele','CityBank','2011-02-08 19:05:02',291.15,6),
 (270,17,68,25,'Pagto Faculdade','','2011-02-07 11:07:16',2780,6),
 (271,1,12,1,'Cafezinho','','2011-02-08 18:47:58',2,1),
 (272,1,12,1,'Cafezinho','','2011-02-08 21:16:37',3.9,1),
 (273,1,13,1,'Gasolina','','2011-02-08 21:17:03',50,1),
 (274,1,12,1,'Cafezinho','','2011-02-09 15:20:36',3,1),
 (277,1,11,1,'Padaria','Parte 1','2011-02-09 19:02:49',8.13,1),
 (278,1,18,1,'Padaria','Parte 2','2011-02-09 19:04:16',17.21,1),
 (279,1,7,1,'TFE','TAXA DE FISCALIZAÇÃO DE ESTABELECIMENTOS','2011-02-10 21:35:26',96.33,6),
 (280,1,12,NULL,'Cafezinho','','2011-02-10 10:37:15',4,0),
 (281,1,15,1,'Almoço','','2011-02-10 18:05:08',10.2,1),
 (282,1,12,1,'Cafezinho','','2011-02-10 18:05:37',3.9,1),
 (283,1,15,1,'Almoço','','2011-02-11 16:03:07',10.2,1),
 (284,1,12,1,'Lanche','','2011-02-11 16:03:31',5,1),
 (285,1,10,1,'Padaria','','2011-02-11 20:46:45',19.8,1),
 (287,1,18,1,'Caneta','','2011-02-12 20:48:31',1.3,1),
 (290,1,10,1,'Padaria','','2011-02-12 20:51:19',15.25,1),
 (292,1,18,1,'Padaria','','2011-02-12 20:52:57',3.3,1),
 (293,1,15,1,'Padaria','','2011-02-12 20:53:44',2.8,1),
 (294,1,12,1,'Padaria','','2011-02-12 20:54:30',6.75,1),
 (295,1,13,1,'Padaria','','2011-02-12 20:54:50',7.12,1),
 (296,1,13,1,'Padaria','','2011-02-13 08:52:58',23.83,1),
 (297,29,152,61,'teste','','2011-02-14 15:25:23',10,1),
 (298,1,13,1,'Cafezinho','','2011-02-14 22:42:07',7.15,1),
 (299,1,13,NULL,'Cafezinho','','2011-02-14 22:45:30',4.5,0),
 (300,1,13,NULL,'Estacionamento','','2011-02-14 22:46:06',8,0),
 (302,1,11,NULL,'Empadas','','2011-02-14 23:44:02',23,0),
 (303,1,12,NULL,'Cafezinho','','2011-02-15 11:01:19',2,0),
 (304,1,15,1,'Almoço','','2011-02-15 11:01:54',20.4,1),
 (305,17,69,25,'Prestação do veiculo','veiculo fiat palio 2.0','2011-02-15 11:40:36',560,6),
 (306,1,2,76,'Hospedagem','tee','2011-03-07 09:51:09',64.2,6),
 (307,1,2,76,'Plano de Saúde','','2011-02-24 20:20:04',287.34,6),
 (308,1,1,76,'Salário','','2011-02-15 20:20:47',4833,4),
 (309,1,2,76,'Plano Dental','','2011-02-24 20:21:33',54,6),
 (310,1,2,76,'Condomínio','Referente a Mar/2011','2011-03-01 20:22:42',534,6),
 (311,1,2,76,'Aluguel','Referente a Fev/2011','2011-03-01 20:27:44',1100,4),
 (312,1,2,1,'NetCombo','','2011-03-10 20:27:14',200,6),
 (313,1,1,76,'Salário','','2011-02-28 20:28:25',3222,4),
 (314,1,3,76,'Mãe (7-9)','Próximas: 1565,45','2011-03-05 21:57:12',669.15,4),
 (315,1,3,4,'Banco Real (8-12)','','2011-03-04 20:31:29',540,4),
 (316,1,2,76,'Contador','Referente Fev/2011','2011-02-28 20:32:34',120,4),
 (317,1,2,76,'Imposto Empresa','','2011-02-15 21:26:15',483.3,6),
 (318,1,6,1,'Restante mês passado','','2011-02-15 20:55:26',100,5),
 (319,1,11,1,'Empada','','2011-02-15 20:58:14',20.7,1),
 (320,1,4,1,'Nutela','','2011-02-15 20:59:12',6.99,1),
 (321,1,11,1,'Twix','','2011-02-15 21:00:18',3.96,1),
 (322,1,11,1,'Padaria','','2011-02-15 21:01:04',7.06,1),
 (642,1,2,76,'Eletropaulo','','2011-04-27 19:55:51',54.96,6),
 (324,1,12,1,'Cafezinho','','2011-02-15 21:03:35',3.9,1),
 (325,1,17,NULL,'Remédio','Remédio para pele - Acido','2011-02-16 10:03:23',23,0),
 (326,34,188,NULL,'teste','','2011-02-16 00:32:11',10,0),
 (327,34,188,NULL,'teste','t','2011-02-16 00:32:25',10,0),
 (328,1,12,NULL,'Cafezinho','','2011-02-16 16:07:02',4.5,0),
 (329,1,4,NULL,'Mercado','','2011-02-16 20:25:56',45.5,0),
 (330,1,12,NULL,'Cafezinho','','2011-02-17 13:34:00',2,0),
 (331,1,15,NULL,'Almoço','3 tickets','2011-02-17 13:34:37',15,0),
 (332,1,12,NULL,'Lanche da tarde','','2011-02-17 16:16:53',3.9,0),
 (333,1,17,1,'Remédio','','2011-02-17 09:27:33',70,4),
 (335,1,13,76,'Gasolina','','2011-02-18 11:19:59',50,1),
 (336,1,12,NULL,'Cafezinho','','2011-02-18 18:31:58',3.9,0),
 (337,1,11,1,'Sorvete','','2011-02-18 22:30:46',6,1),
 (338,1,11,1,'Doces','','2011-02-18 22:31:20',13.54,1),
 (339,1,17,76,'Salão de beleza','','2011-02-18 22:34:50',172,1),
 (340,1,11,76,'Padaria','','2011-02-18 22:35:37',22.55,1),
 (341,1,13,NULL,'Táxi','','2011-02-18 22:37:01',17,0),
 (342,1,13,NULL,'Estacionamento','Igreja','2011-02-19 11:28:25',7,0),
 (641,1,13,76,'Gasolina','','2011-04-26 19:17:01',50,1),
 (344,1,17,NULL,'Dízimo','','2011-02-19 20:19:41',50,0),
 (345,1,11,76,'Padaria','','2011-02-19 11:31:42',15.7,1),
 (346,1,4,76,'OB','','2011-02-20 20:19:24',9.99,1),
 (348,1,18,76,'Almoco','','2011-02-20 20:20:53',29.2,1),
 (349,1,18,76,'Sorvete','','2011-02-20 20:21:33',6,1),
 (640,1,12,76,'Café','','2011-04-26 19:16:45',4.9,1),
 (351,1,18,NULL,'Café','','2011-02-20 20:23:10',3.5,0),
 (352,1,18,76,'Café Driele','','2011-02-20 20:24:28',6.8,1),
 (353,1,10,76,'Racão','','2011-02-20 20:48:34',38.47,1),
 (354,1,4,76,'Mercado','','2011-02-20 20:49:18',360.17,1),
 (355,1,13,76,'Óleo','','2011-02-20 20:50:00',10,1),
 (356,1,7,1,'Compras de Roupas','138.00 - mofficer\n10.00 - short\n808.50 - Roupas\n32.9 - havaiana\n99.90 - sapato\n141,55 - tenis','2011-02-20 21:59:31',1230.85,1),
 (357,1,2,76,'Conta de Energia','','2011-02-24 22:23:28',89.21,6),
 (358,1,2,76,'Conta de Gás','','2011-02-22 22:26:25',30.98,6),
 (359,1,12,NULL,'Cafezinho','','2011-02-21 16:54:29',2,0),
 (360,1,12,NULL,'Lanche','','2011-02-21 16:56:52',5,0),
 (361,1,4,76,'Nutella e Twix','','2011-02-21 21:53:24',11.97,1),
 (362,1,11,76,'Café Driele','','2011-02-21 21:54:14',9.9,1),
 (363,1,11,76,'Empada','','2011-02-21 21:54:58',15.2,1),
 (364,1,12,76,'Cafezinho','','2011-02-22 10:06:31',2,1),
 (365,1,15,76,'Almoco','4 tickets','2011-02-22 20:09:09',40.8,1),
 (366,1,12,76,'Lanche','','2011-02-22 20:09:40',5,1),
 (639,1,15,76,'Almoco','','2011-04-26 19:16:24',10.2,1),
 (368,1,11,76,'Pão','','2011-02-22 20:10:58',1.89,1),
 (369,1,10,1,'Veterinario','','2011-02-22 20:15:05',68.5,1),
 (371,1,12,76,'Cafezinho','','2011-02-23 15:45:57',5,1),
 (372,1,12,76,'Lanche','','2011-02-23 15:47:23',4.5,1),
 (373,1,12,NULL,'Cafezinho','','2011-02-24 10:02:56',2,0),
 (374,1,15,NULL,'Almoço','Ticket','2011-02-24 10:03:27',5,0),
 (375,1,12,NULL,'Cafezinho','','2011-02-24 15:35:16',3,0),
 (376,1,18,76,'Lanche','','2011-02-24 22:37:32',16.6,1),
 (377,1,18,NULL,'Lanche','','2011-02-24 22:37:50',2.8,0),
 (378,1,18,76,'Acai','','2011-02-24 22:38:24',31.35,1),
 (379,1,13,NULL,'Estacionamento','','2011-02-24 22:38:59',12,0),
 (380,1,12,NULL,'Cafezinho','','2011-02-25 21:37:56',2,0),
 (381,1,12,76,'Lanche','','2011-02-25 21:39:54',5,1),
 (382,1,10,NULL,'Banho Heick','','2011-02-25 22:14:11',47,0),
 (383,1,11,NULL,'Padaria','','2011-02-25 22:14:57',17.58,0),
 (638,1,19,76,'Ovo de Páscoa','','2011-04-23 19:15:50',65,1),
 (385,1,17,NULL,'Cosméticos','','2011-02-25 22:16:12',40.95,0),
 (386,1,18,NULL,'Habibbs','','2011-02-25 10:36:52',29.2,0),
 (387,1,8,NULL,'Ajuda a ONG','','2011-02-26 23:54:54',1,0),
 (388,1,13,NULL,'Estacionamento','','2011-02-26 23:55:19',2,0),
 (389,1,8,76,'Compras para Casa','','2011-02-26 23:58:35',56.8,1),
 (390,1,8,76,'Balanca','','2011-02-26 00:00:11',39.84,1),
 (391,1,18,76,'Giraffas','','2011-02-26 00:00:42',31.3,1),
 (392,1,17,76,'Roupa','','2011-02-26 00:01:12',19,1),
 (393,1,18,NULL,'Cafezinho','','2011-02-26 00:01:41',3.5,0),
 (637,1,15,NULL,'Almoço','','2011-04-25 16:03:12',10.2,0),
 (395,1,12,NULL,'Cafezinho','','2011-02-28 11:08:05',5.25,0),
 (396,1,5,76,'TIM','','2011-02-28 11:40:44',34,1),
 (397,1,12,NULL,'Cafezinho','','2011-02-28 23:17:04',2,0),
 (398,1,13,76,'Gasolina','','2011-02-28 23:19:56',50,1),
 (636,1,12,NULL,'Lanche','','2011-04-25 16:02:54',6.4,0),
 (400,1,11,76,'Padaria','','2011-02-28 13:12:19',2.17,1),
 (401,1,5,76,'Farmácia','','2011-02-28 13:13:27',52.61,1),
 (402,1,15,76,'Almoço','3 tickets','2011-03-01 13:15:16',30.6,1),
 (403,1,12,76,'Cafezinho','','2011-03-01 21:01:36',3.9,1),
 (404,1,12,NULL,'Cafezinho','','2011-03-02 09:49:52',3.9,0),
 (405,1,12,NULL,'Cafezinho','','2011-03-02 15:11:48',3,0),
 (406,1,12,NULL,'Lanche','','2011-03-02 18:32:24',5,0),
 (407,1,11,76,'Padaria','','2011-03-02 00:04:03',8.47,1),
 (635,1,12,NULL,'Café','','2011-04-25 16:02:33',3,0),
 (409,1,10,76,'Jornal','','2011-03-02 00:04:55',3,1),
 (410,1,12,NULL,'Cafezinho','','2011-03-03 10:34:31',2,0),
 (411,1,12,NULL,'Lanche','','2011-03-03 22:05:07',5,0),
 (412,1,15,NULL,'Almoço','','2011-03-04 16:32:41',11.4,0),
 (413,1,12,NULL,'Lanche','','2011-03-04 16:32:22',5,0),
 (414,1,12,NULL,'Lanche','','2011-03-04 22:34:58',4.65,0),
 (416,1,13,76,'Estacionamento','Cinema','2011-03-05 20:49:29',7,1),
 (417,1,18,76,'Pipoca','','2011-03-05 20:49:55',23.5,1),
 (418,1,18,76,'Bobs','','2011-03-05 20:50:14',28.2,1),
 (419,1,18,76,'Cinema','','2011-03-05 20:50:36',30,1),
 (420,1,4,76,'Mercado','','2011-03-06 20:06:13',65.38,1),
 (421,1,5,76,'Mercado','','2011-03-06 20:06:40',40.64,1),
 (422,1,10,76,'Jornal e Ração','','2011-03-06 20:07:41',40.98,1),
 (634,1,19,NULL,'Habibbs (Lazer)',NULL,'2011-04-25 00:47:53',44.1,0),
 (424,1,13,76,'Gasolina','','2011-03-06 20:08:32',45,1),
 (425,1,5,76,'Gasolina','','2011-03-06 20:08:49',5,1),
 (426,38,216,89,'Saldo Inicial','Saldo Inicial','2011-03-01 12:57:58',100,5),
 (427,1,18,NULL,'Jantar','Daniel','2011-03-07 13:53:05',22.7,0),
 (428,1,18,76,'Jantar','Driele','2011-03-07 13:54:37',12.4,1),
 (429,1,18,76,'Bolo','Driele','2011-03-07 13:56:26',8.54,1),
 (430,1,5,76,'Cinema','','2011-03-07 13:58:18',47.75,1),
 (431,1,5,NULL,'Estacionamento','','2011-03-07 13:59:51',8,0),
 (633,1,4,76,'Coca','','2011-04-24 14:51:11',6.3,1),
 (433,1,5,76,'Cetoconazol','','2011-03-09 09:47:47',9.65,1),
 (632,1,10,76,'Jornal','','2011-04-24 14:50:48',8,1),
 (435,1,11,76,'Padaria','','2011-03-09 09:49:40',6.06,1),
 (436,1,15,NULL,'Almoço','','2011-03-10 14:35:42',10.2,0),
 (437,1,12,NULL,'Cafezinho','','2011-03-10 14:36:17',2,0),
 (438,1,12,NULL,'Lanche','','2011-03-10 17:13:55',9,0),
 (439,1,15,NULL,'Almoço','','2011-03-11 11:58:32',10.2,0),
 (440,1,12,NULL,'Cafezinho','','2011-03-11 11:58:53',2,0),
 (441,1,12,NULL,'Cafezinho','','2011-03-11 22:34:29',2,0),
 (442,1,12,NULL,'Lanche','','2011-03-11 22:34:49',4.7,0),
 (631,1,11,76,'Padaria','','2011-04-23 21:58:26',17.74,1),
 (444,1,11,76,'Padaria','','2011-03-10 12:05:35',9.16,1),
 (445,1,11,NULL,'Pizza','','2011-03-11 22:40:15',35,0),
 (446,1,11,NULL,'Empadas','','2011-03-11 12:05:13',11.85,0),
 (447,1,11,NULL,'Padaria','','2011-03-11 12:07:03',4.12,0),
 (448,1,11,NULL,'Chocolate','','2011-03-11 12:06:48',15.42,0),
 (449,1,1,76,'Salário','60%','2011-03-15 22:37:23',4833,4),
 (450,1,1,76,'Salário','40%','2011-04-06 22:25:22',3222,4),
 (451,1,2,76,'Imposto','','2011-03-21 23:11:24',483.3,6),
 (452,1,2,76,'Hospedagem','','2011-04-05 17:57:28',64.2,6),
 (453,1,2,76,'Plano Dentário','','2011-03-24 15:47:02',54,6),
 (454,1,2,76,'Plano de Saúde','','2011-03-24 15:46:06',287.34,6),
 (455,1,2,76,'Seguro Cartão','','2011-04-14 23:18:20',2.7,1),
 (456,1,2,76,'Condominio','Ref. Abril','2011-04-01 23:19:23',534,6),
 (457,1,2,76,'Aluguel','Ref. Marco','2011-04-01 23:24:32',1100,4),
 (458,1,3,76,'Mãe (8-9)','','2011-04-09 23:27:25',1500,4),
 (459,1,3,76,'Banco Real (9-12)','','2011-04-04 23:28:54',540,4),
 (460,1,2,76,'Contador','ref. Marco','2011-03-31 23:29:41',120,4),
 (461,1,17,NULL,'teste','','2011-03-14 23:42:59',7,0),
 (462,1,12,76,'Café da manhã','','2011-03-15 09:52:03',5,1),
 (463,1,15,76,'Almoço','','2011-03-15 09:53:37',10.2,1),
 (464,1,12,76,'Lanche','','2011-03-15 16:50:39',5,1),
 (465,1,11,NULL,'Doces','','2011-03-15 21:49:49',15.93,0),
 (466,1,11,NULL,'Empadas','','2011-03-15 21:51:38',14.35,0),
 (467,1,12,NULL,'Cappuccino','','2011-03-16 14:25:30',0.6,0),
 (468,1,12,NULL,'Cappuccino','','2011-03-16 19:56:17',1,0),
 (469,1,15,76,'Almoco','','2011-03-16 19:56:41',20.4,1),
 (470,1,12,76,'Lanche','','2011-03-16 19:57:09',3.9,1),
 (471,1,8,76,'Aparelho de Vapor','','2011-03-15 19:58:50',67.49,6),
 (472,1,4,76,'Mercado','','2011-03-16 00:20:32',271.86,1),
 (473,1,12,76,'Lanche','','2011-03-17 19:25:04',5,1),
 (474,1,15,76,'Almoço','','2011-03-18 16:25:29',10.2,1),
 (475,1,12,76,'Café da manhã','','2011-03-18 16:25:56',5.2,1),
 (476,1,12,76,'Cafezinho','','2011-03-18 16:27:38',3.9,1),
 (478,1,18,NULL,'Empadas','','2011-03-19 15:39:00',27.95,0),
 (479,1,10,76,'Jornal','','2011-03-20 15:40:17',5,1),
 (480,1,11,76,'Pães','','2011-03-20 15:40:43',4.81,1),
 (481,1,17,76,'Aparelho de Beleza','','2011-03-15 15:41:54',87.68,1),
 (482,1,13,76,'Gasolina','','2011-03-20 21:41:29',50,1),
 (483,1,18,76,'Lanche','Leroy Merlin','2011-03-20 21:43:52',17.5,1),
 (484,1,8,76,'Leroy Merlin','','2011-03-20 21:46:22',32.51,1),
 (485,1,5,76,'Leroy Merlin','2','2011-03-20 21:48:09',33.42,1),
 (486,1,18,76,'Subway','','2011-03-20 21:48:48',22.75,1),
 (487,1,17,NULL,'Dízimo','','2011-03-20 21:50:19',30,0),
 (488,1,5,NULL,'Dízimo','2','2011-03-20 21:50:50',20,0),
 (489,1,15,76,'Almoço','','2011-03-21 13:45:40',10.2,1),
 (490,1,12,76,'Cafezinho','','2011-03-21 13:49:01',3,1),
 (491,1,12,76,'Lanche','','2011-03-21 19:22:31',5,1),
 (492,1,18,NULL,'Futebol','','2011-03-18 19:23:36',10,0),
 (493,1,13,76,'Onibus','','2011-03-21 07:06:50',6,1),
 (494,1,11,NULL,'Lanche Driele','','2011-03-21 07:07:23',4,0),
 (495,1,15,76,'Almoço','2 tickets','2011-03-22 14:44:50',20.4,1),
 (496,1,12,76,'Lanche','','2011-03-22 15:44:48',5.2,1),
 (497,1,11,NULL,'Padaria','','2011-03-22 19:30:13',20.02,0),
 (498,1,4,NULL,'Nutella e biscoitos','','2011-03-22 19:30:40',14.97,0),
 (499,1,10,76,'Banho e creche','','2011-03-22 19:32:07',44,1),
 (500,1,2,76,'Conta de Energia','','2011-03-28 19:32:57',71.04,6),
 (501,1,2,76,'Conta de Gás','','2011-03-27 19:33:35',30.92,6),
 (502,1,12,76,'Cafezinho','','2011-03-23 18:37:06',2,1),
 (503,1,13,NULL,'Passagens','','2011-03-23 18:37:51',6,0),
 (504,1,11,NULL,'Chocolate e Pão','','2011-03-23 18:38:24',8,0),
 (505,1,15,76,'Almoço','','2011-03-24 10:25:27',10.2,1),
 (506,1,12,76,'Café da manhã','','2011-03-24 10:25:58',5,1),
 (508,44,257,NULL,'Salario Mensal','','2011-03-24 10:28:15',800,0),
 (509,44,259,NULL,'Cartão de Crédito','','2011-03-24 10:29:08',96,0),
 (510,44,258,NULL,'Conta de Telefone','','2011-03-24 10:30:27',35,0),
 (511,44,258,NULL,'Faculdade','','2011-03-24 10:39:42',295.5,0),
 (512,44,259,NULL,'Notebook','','2011-03-24 10:40:28',115,0),
 (513,1,12,76,'Cafezinho','','2011-03-24 15:51:09',5,1),
 (514,44,258,NULL,'Faculdade','','2011-04-11 19:27:40',295.5,0),
 (515,1,12,NULL,'Cafezinho','','2011-03-25 06:45:27',1,0),
 (516,1,5,76,'Meticorten','','2011-03-24 06:47:44',7.64,1),
 (517,1,4,76,'Mercado','','2011-03-24 06:48:46',68.44,1),
 (518,1,11,1,'CHOCOLATES ARIANE','','2011-03-23 06:53:17',6.58,1),
 (519,1,11,1,'DOLCE GURT','','2011-03-23 06:54:05',6,1),
 (520,1,12,76,'Lanche','','2011-03-25 21:08:26',4.8,1),
 (521,1,12,76,'Café','','2011-03-25 21:09:45',6.2,1),
 (522,1,15,76,'Almoco','','2011-03-25 21:09:57',10.2,1),
 (523,1,13,NULL,'Estacionamento',NULL,'2011-03-26 17:11:35',15,0),
 (524,1,18,76,'Almoço ','','2011-03-26 19:25:48',44.8,1),
 (525,1,13,NULL,'Estacionamento ',NULL,'2011-03-26 17:15:27',7,0),
 (526,1,18,NULL,'Pizza','null','2011-03-26 20:13:57',32,0),
 (527,1,18,NULL,'Almoço',NULL,'2011-03-27 13:18:07',23,0),
 (528,1,10,76,'Jornal','','2011-03-27 20:14:24',5,1),
 (529,1,4,76,'Mercado - Padaria','','2011-03-27 20:15:59',19.83,1),
 (530,1,15,76,'Almoço','','2011-03-28 13:55:10',10.2,1),
 (531,1,12,76,'Lanche','','2011-03-28 13:55:28',5.2,1),
 (532,1,5,76,'Teste gravidez','','2011-03-28 21:20:27',10.75,1),
 (533,1,15,76,'Almoco','','2011-03-29 21:19:51',10.2,1),
 (534,1,12,76,'Lanche','','2011-03-29 21:20:16',6.1,1),
 (535,1,12,76,'Café',NULL,'2011-03-30 13:00:15',3,1),
 (536,1,15,76,'Almoço',NULL,'2011-03-30 13:02:04',10.2,1),
 (537,1,12,NULL,'Café','','2011-03-30 16:12:26',2.6,0),
 (538,1,18,NULL,'Futebol','1a parte','2011-03-30 06:53:40',22,0),
 (539,1,13,NULL,'Estacionamento','','2011-03-30 06:52:40',4,0),
 (540,1,5,NULL,'Futebol','2a parte','2011-03-30 06:54:25',13,0),
 (541,1,12,76,'Café da manhã','','2011-03-31 11:21:26',6.1,1),
 (542,1,15,76,'Almoço','','2011-03-31 11:21:51',10.2,1),
 (543,1,12,76,'Café','','2011-03-31 11:22:08',3,1),
 (544,1,15,NULL,'Almoço','5 Tickets','2011-03-31 07:23:11',25,0),
 (545,1,12,76,'Cafe da Manhã','','2011-04-01 17:22:58',5.6,1),
 (546,1,12,76,'Cafezinho(2)','','2011-04-01 17:23:27',6,1),
 (547,1,15,NULL,'Almoço Driele','','2011-04-01 17:21:38',11.06,0),
 (548,1,4,76,'Mercado (1)','','2011-04-02 17:22:48',124.9,1),
 (630,1,7,76,'Sapatos e Roupas (Mãe)','','2011-04-23 21:52:55',300,1),
 (550,1,5,76,'Almoço','','2011-04-02 17:27:41',17.19,1),
 (551,1,11,76,'Filmes e lanche','','2011-04-03 17:59:07',32.53,1),
 (552,1,12,76,'Cafezinho','','2011-04-04 22:26:38',10.9,1),
 (553,1,5,76,'SubWay','','2011-04-04 22:27:17',21.75,1),
 (554,1,12,76,'Cafezinho','','2011-04-05 22:28:02',5.2,1),
 (555,1,5,76,'Filmes','','2011-04-06 11:02:16',24,1),
 (556,1,13,76,'Gasolina','','2011-04-06 11:02:49',51.5,1),
 (557,1,12,76,'Cafezinho','','2011-04-06 11:03:14',5.2,1),
 (558,1,12,76,'Lanche','','2011-04-06 11:03:42',6.4,1),
 (559,1,12,76,'Cafezinho','','2011-04-07 11:04:14',1.8,1),
 (560,1,12,76,'Lanche','','2011-04-07 11:04:38',5,1),
 (561,1,5,76,'Lanche','','2011-04-08 11:05:10',6.4,1),
 (562,1,2,76,'NetCombo','','2011-04-11 11:06:06',209.53,1),
 (629,1,19,76,'Compras (Casa)','','2011-04-18 21:48:30',2.1,1),
 (564,1,5,76,'Mercado (1)','','2011-04-09 22:44:42',45.85,1),
 (565,1,11,76,'Mercado (2)','','2011-04-09 22:45:36',31.87,1),
 (566,1,11,76,'Mercado (3)','','2011-04-09 22:46:26',7.39,1),
 (567,1,10,76,'PetShop','','2011-04-09 22:47:11',38.5,1),
 (568,1,13,76,'Estacionamento','','2011-04-09 22:47:37',11,1),
 (569,1,11,76,'Juros DVD','','2011-04-10 22:28:14',36,1),
 (570,1,10,76,'Racão (1)','','2011-04-10 22:29:04',7.5,1),
 (572,1,11,76,'Racao (3)','','2011-04-10 22:31:14',12.52,1),
 (573,1,13,76,'Racao (4)','','2011-04-10 22:31:58',18.06,1),
 (574,1,13,76,'Almoco','Shopping','2011-04-10 22:34:01',81.44,1),
 (575,1,19,76,'Almoco','','2011-04-10 22:35:55',5.73,1),
 (576,1,19,1,'Padaria','','2011-04-10 22:37:42',9.9,1),
 (579,1,2,76,'DAS','','2011-04-17 20:14:12',449.33,1),
 (580,1,1,76,'Salário','','2011-04-17 20:14:41',4887,1),
 (581,1,2,76,'DPVAT 2011','','2011-04-19 20:18:12',101.16,1),
 (582,1,2,76,'IPVA2011','Parcela 1','2011-04-17 20:21:35',139.31,1),
 (583,1,2,76,'Plano Dental ','','2011-04-24 20:23:34',54,1),
 (584,1,2,76,'Plano de Saúde','','2011-04-24 20:28:12',287.34,1),
 (585,1,2,76,'Aluguel','','2011-05-01 20:36:04',1100,4),
 (586,1,3,76,'Mãe (Última)','','2011-05-09 21:51:16',1200,4),
 (587,1,2,76,'Contador','','2011-04-30 20:35:40',120,4),
 (588,1,1,76,'Salário','','2011-04-30 20:36:51',3258,4),
 (589,1,4,76,'Mercado','','2011-04-15 20:39:37',30,1),
 (590,1,18,76,'Almo?o','','2011-04-17 20:40:02',45.2,1),
 (591,1,5,76,'Maq. Cortar cabelo','','2011-04-17 20:40:33',125.69,1),
 (592,1,8,76,'Chaleira e etc','','2011-04-17 20:41:17',67.6,1),
 (593,1,11,76,'Padaria','','2011-04-17 20:41:35',3.54,1),
 (594,1,15,76,'Almoço',NULL,'2011-04-18 20:50:05',10.2,1),
 (595,1,12,76,'Cafezinho',NULL,'2011-04-18 20:51:16',6,1),
 (596,1,17,NULL,'Compras',NULL,'2011-04-18 20:53:37',175.56,0),
 (597,1,5,NULL,'Nilma',NULL,'2011-04-18 20:54:34',40,0),
 (598,1,8,NULL,'Compras','null','2011-04-18 21:48:05',32.4,0),
 (599,1,11,NULL,'Empada',NULL,'2011-04-18 20:56:05',9,0),
 (600,1,15,76,'Almoço',NULL,'2011-04-19 09:45:55',10.2,1),
 (601,1,12,76,'Café da manhã',NULL,'2011-04-19 09:47:41',6.4,1),
 (602,1,13,NULL,'Estacionamento Hosp',NULL,'2011-04-19 23:31:13',15,0),
 (603,1,11,NULL,'Padaria',NULL,'2011-04-19 23:34:17',8.9,0),
 (604,1,17,NULL,'Unha',NULL,'2011-04-19 23:34:55',29,0),
 (605,1,12,76,'Lanche',NULL,'2011-04-19 23:36:12',5.4,1),
 (606,1,18,76,'McDonalds','','2011-04-19 13:08:26',24.75,1),
 (607,1,15,76,'Almoço','','2011-04-20 13:09:21',10.2,1),
 (608,1,12,76,'Café ','null','2011-04-20 12:01:16',3,1),
 (609,1,5,NULL,'Remédios','null','2011-04-20 21:46:46',34.31,0),
 (610,1,18,NULL,'Almoço','null','2011-04-20 12:01:41',28.5,0),
 (611,1,19,76,'Remédios','null','2011-04-20 12:00:57',43.91,1);
UNLOCK TABLES;
/*!40000 ALTER TABLE `movimentacao` ENABLE KEYS */;


--
-- Definition of table `financefamily`.`pagamento`
--

DROP TABLE IF EXISTS `financefamily`.`pagamento`;
CREATE TABLE  `financefamily`.`pagamento` (
  `idpagamento` int(11) NOT NULL AUTO_INCREMENT,
  `idconta` int(11) NOT NULL,
  `datavenc` date NOT NULL,
  `datarealiz` date DEFAULT NULL,
  `valor` double NOT NULL,
  `iniperiodo` date NOT NULL,
  `fimperiodo` date NOT NULL,
  `situacao` tinyint(1) NOT NULL,
  PRIMARY KEY (`idpagamento`),
  KEY `FK2E9A132625748223` (`idconta`)
) ENGINE=MyISAM AUTO_INCREMENT=22 DEFAULT CHARSET=latin1;

--
-- Dumping data for table `financefamily`.`pagamento`
--

/*!40000 ALTER TABLE `pagamento` DISABLE KEYS */;
LOCK TABLES `pagamento` WRITE;
INSERT INTO `financefamily`.`pagamento` VALUES  (1,1,'2011-01-01',NULL,100,'2010-12-16','2011-12-26',0),
 (4,1,'2011-01-21','2011-01-21',100,'2011-01-10','2012-01-19',1),
 (8,18,'2011-02-15',NULL,15,'2011-02-02','2011-03-12',0),
 (9,19,'2011-02-15',NULL,72,'2011-02-02','2011-08-12',0),
 (10,20,'2011-02-15',NULL,15,'2011-02-04','2011-03-14',0),
 (11,21,'2011-02-08','2011-02-07',72,'2011-02-07','2011-08-07',1),
 (12,22,'2011-02-08','2011-02-07',72,'2011-02-07','2011-08-07',1),
 (13,23,'2011-02-09','2011-02-08',72,'2011-02-08','2011-08-08',1),
 (14,24,'2011-02-10','2011-02-09',72,'2011-02-09','2011-08-09',1),
 (15,25,'2011-02-11','2011-02-10',72,'2011-02-10','2011-08-10',1),
 (16,26,'2011-02-11','2011-02-10',72,'2011-02-10','2011-08-10',1),
 (17,28,'2011-02-14','2011-02-11',72,'2011-02-11','2011-08-11',1),
 (18,35,'2011-02-22','2011-02-20',72,'2011-02-20','2011-08-20',1),
 (19,36,'2011-02-22','2011-02-21',72,'2011-02-21','2011-08-21',1),
 (20,42,'2011-03-31',NULL,15,'2011-03-20','2011-04-30',0),
 (21,49,'2011-05-02',NULL,72,'2011-04-19','2011-10-29',0);
UNLOCK TABLES;
/*!40000 ALTER TABLE `pagamento` ENABLE KEYS */;


--
-- Definition of table `financefamily`.`tipomov`
--

DROP TABLE IF EXISTS `financefamily`.`tipomov`;
CREATE TABLE  `financefamily`.`tipomov` (
  `idtipomov` int(11) NOT NULL AUTO_INCREMENT,
  `idconta` int(11) NOT NULL,
  `nome` varchar(50) NOT NULL,
  `operacao` int(11) NOT NULL,
  `limite` tinyint(1) NOT NULL,
  `valor` double DEFAULT NULL,
  PRIMARY KEY (`idtipomov`),
  KEY `FKB1DE176025748223` (`idconta`)
) ENGINE=MyISAM AUTO_INCREMENT=293 DEFAULT CHARSET=latin1;

--
-- Dumping data for table `financefamily`.`tipomov`
--

/*!40000 ALTER TABLE `tipomov` DISABLE KEYS */;
LOCK TABLES `tipomov` WRITE;
INSERT INTO `financefamily`.`tipomov` VALUES  (1,1,'Sal&aacute;rio',1,0,NULL),
 (2,1,'Contas Fixas',0,0,NULL),
 (3,1,'Contas Parceladas',0,0,NULL),
 (4,1,'Mercado',0,1,600),
 (5,1,'Emerg&ecirc;ncia',0,1,200),
 (6,1,'Renda Extra',1,0,NULL),
 (7,1,'Geral',0,0,NULL),
 (8,1,'Casa',0,1,100),
 (10,1,'Heick',0,1,100),
 (11,1,'Padaria',0,1,200),
 (12,1,'Cafezinho',0,1,150),
 (13,1,'Gasolina e Transporte',0,1,250),
 (67,17,'Salário',0,0,NULL),
 (15,1,'Almoço',0,1,204),
 (17,1,'Driele',0,1,300),
 (18,1,'Lazer',0,1,250),
 (19,1,'Poupança',0,1,300),
 (68,17,'Contas Fixas',0,0,NULL),
 (69,17,'Contas Parceladas',0,0,NULL),
 (70,17,'Mercado',0,1,5000),
 (71,17,'Emerg&ecirc;ncia',0,1,200),
 (72,17,'Renda Extra',1,0,NULL),
 (73,17,'Geral',0,0,NULL),
 (74,18,'Sal&aacute;rio',1,0,NULL),
 (75,18,'Contas Fixas',0,0,NULL),
 (76,18,'Contas Parceladas',0,0,NULL),
 (77,18,'Mercado',0,1,500),
 (78,18,'Emerg&ecirc;ncia',0,1,200),
 (79,18,'Renda Extra',1,0,NULL),
 (80,18,'Geral',0,0,NULL),
 (81,19,'Sal&aacute;rio',1,0,NULL),
 (82,19,'Contas Fixas',0,0,NULL),
 (83,19,'Contas Parceladas',0,0,NULL),
 (84,19,'Mercado',0,1,500),
 (85,19,'Emerg&ecirc;ncia',0,1,200),
 (86,19,'Renda Extra',1,0,NULL),
 (87,19,'Geral',0,0,NULL),
 (88,20,'Sal&aacute;rio',1,0,NULL),
 (89,20,'Contas Fixas',0,0,NULL),
 (90,20,'Contas Parceladas',0,0,NULL),
 (91,20,'Mercado',0,1,500),
 (92,20,'Emerg&ecirc;ncia',0,1,200),
 (93,20,'Renda Extra',1,0,NULL),
 (94,20,'Geral',0,0,NULL),
 (95,21,'Sal&aacute;rio',1,0,NULL),
 (96,21,'Contas Fixas',0,0,NULL),
 (97,21,'Contas Parceladas',0,0,NULL),
 (98,21,'Mercado',0,1,500),
 (99,21,'Emerg&ecirc;ncia',0,1,200),
 (100,21,'Renda Extra',1,0,NULL),
 (101,21,'Geral',0,0,NULL),
 (102,22,'Sal&aacute;rio',1,0,NULL),
 (103,22,'Contas Fixas',0,0,NULL),
 (104,22,'Contas Parceladas',0,0,NULL),
 (105,22,'Mercado',0,1,500),
 (106,22,'Emerg&ecirc;ncia',0,1,200),
 (107,22,'Renda Extra',1,0,NULL),
 (108,22,'Geral',0,0,NULL),
 (109,23,'Sal&aacute;rio',1,0,NULL),
 (110,23,'Contas Fixas',0,0,NULL),
 (111,23,'Contas Parceladas',0,0,NULL),
 (112,23,'Mercado',0,1,500),
 (113,23,'Emerg&ecirc;ncia',0,1,200),
 (114,23,'Renda Extra',1,0,NULL),
 (115,23,'Geral',0,0,NULL),
 (116,24,'Sal&aacute;rio',1,0,NULL),
 (117,24,'Contas Fixas',0,0,NULL),
 (118,24,'Contas Parceladas',0,0,NULL),
 (119,24,'Mercado',0,1,500),
 (120,24,'Emerg&ecirc;ncia',0,1,200),
 (121,24,'Renda Extra',1,0,NULL),
 (122,24,'Geral',0,0,NULL),
 (123,25,'Sal&aacute;rio',1,0,NULL),
 (124,25,'Contas Fixas',0,0,NULL),
 (125,25,'Contas Parceladas',0,0,NULL),
 (126,25,'Mercado',0,1,500),
 (127,25,'Emerg&ecirc;ncia',0,1,200),
 (128,25,'Renda Extra',1,0,NULL),
 (129,25,'Geral',0,0,NULL),
 (130,26,'Sal&aacute;rio',1,0,NULL),
 (131,26,'Contas Fixas',0,0,NULL),
 (132,26,'Contas Parceladas',0,0,NULL),
 (133,26,'Mercado',0,1,500),
 (134,26,'Emerg&ecirc;ncia',0,1,200),
 (135,26,'Renda Extra',1,0,NULL),
 (136,26,'Geral',0,0,NULL),
 (137,27,'Sal&aacute;rio',1,0,NULL),
 (138,27,'Contas Fixas',0,0,NULL),
 (139,27,'Contas Parceladas',0,0,NULL),
 (140,27,'Mercado',0,1,500),
 (141,27,'Emerg&ecirc;ncia',0,1,200),
 (142,27,'Renda Extra',1,0,NULL),
 (143,27,'Geral',0,0,NULL),
 (144,28,'Sal&aacute;rio',1,0,NULL),
 (145,28,'Contas Fixas',0,0,NULL),
 (146,28,'Contas Parceladas',0,0,NULL),
 (147,28,'Mercado',0,1,500),
 (148,28,'Emerg&ecirc;ncia',0,1,200),
 (149,28,'Renda Extra',1,0,NULL),
 (150,28,'Geral',0,0,NULL),
 (151,29,'Sal&aacute;rio',1,0,NULL),
 (152,29,'Contas Fixas',0,0,NULL),
 (153,29,'Contas Parceladas',0,0,NULL),
 (154,29,'Mercado',0,1,500),
 (155,29,'Emerg&ecirc;ncia',0,1,200),
 (156,29,'Renda Extra',1,0,NULL),
 (157,29,'Geral',0,0,NULL),
 (158,30,'Sal&aacute;rio',1,0,NULL),
 (159,30,'Contas Fixas',0,0,NULL),
 (160,30,'Contas Parceladas',0,0,NULL),
 (161,30,'Mercado',0,1,500),
 (162,30,'Emerg&ecirc;ncia',0,1,200),
 (163,30,'Renda Extra',1,0,NULL),
 (164,30,'Geral',0,0,NULL),
 (165,31,'Sal&aacute;rio',1,0,NULL),
 (166,31,'Contas Fixas',0,0,NULL),
 (167,31,'Contas Parceladas',0,0,NULL),
 (168,31,'Mercado',0,1,500),
 (169,31,'Emerg&ecirc;ncia',0,1,200),
 (170,31,'Renda Extra',1,0,NULL),
 (171,31,'Geral',0,0,NULL),
 (172,32,'Sal&aacute;rio',1,0,NULL),
 (173,32,'Contas Fixas',0,0,NULL),
 (174,32,'Contas Parceladas',0,0,NULL),
 (175,32,'Mercado',0,1,500),
 (176,32,'Emerg&ecirc;ncia',0,1,200),
 (177,32,'Renda Extra',1,0,NULL),
 (178,32,'Geral',0,0,NULL),
 (179,33,'Sal&aacute;rio',1,0,NULL),
 (180,33,'Contas Fixas',0,0,NULL),
 (181,33,'Contas Parceladas',0,0,NULL),
 (182,33,'Mercado',0,1,500),
 (183,33,'Emerg&ecirc;ncia',0,1,200),
 (184,33,'Renda Extra',1,0,NULL),
 (185,33,'Geral',0,0,NULL),
 (186,1,'Juros e Impostos',0,0,NULL),
 (187,34,'Sal&aacute;rio',1,0,NULL),
 (188,34,'Contas Fixas',0,0,NULL),
 (189,34,'Contas Parceladas',0,0,NULL),
 (190,34,'Mercado',0,1,500),
 (191,34,'Emerg&ecirc;ncia',0,1,200),
 (192,34,'Renda Extra',1,0,NULL),
 (193,34,'Geral',0,0,NULL),
 (194,35,'Sal&aacute;rio',1,0,NULL),
 (195,35,'Contas Fixas',0,0,NULL),
 (196,35,'Contas Parceladas',0,0,NULL),
 (197,35,'Mercado',0,1,500),
 (198,35,'Emerg&ecirc;ncia',0,1,200),
 (199,35,'Renda Extra',1,0,NULL),
 (200,35,'Geral',0,0,NULL),
 (201,36,'Sal&aacute;rio',1,0,NULL),
 (202,36,'Contas Fixas',0,0,NULL),
 (203,36,'Contas Parceladas',0,0,NULL),
 (204,36,'Mercado',0,1,500),
 (205,36,'Emerg&ecirc;ncia',0,1,200),
 (206,36,'Renda Extra',1,0,NULL),
 (207,36,'Geral',0,0,NULL),
 (208,37,'Sal&aacute;rio',1,0,NULL),
 (209,37,'Contas Fixas',0,0,NULL),
 (210,37,'Contas Parceladas',0,0,NULL),
 (211,37,'Mercado',0,1,500),
 (212,37,'Emerg&ecirc;ncia',0,1,200),
 (213,37,'Renda Extra',1,0,NULL),
 (214,37,'Geral',0,0,NULL),
 (215,38,'Sal&aacute;rio',1,0,NULL),
 (216,38,'Contas Fixas',0,0,NULL),
 (217,38,'Contas Parceladas',0,0,NULL),
 (218,38,'Mercado',0,1,500),
 (219,38,'Emerg&ecirc;ncia',0,1,200),
 (220,38,'Renda Extra',1,0,NULL),
 (221,38,'Geral',0,0,NULL),
 (222,39,'Sal&aacute;rio',1,0,NULL),
 (223,39,'Contas Fixas',0,0,NULL),
 (224,39,'Contas Parceladas',0,0,NULL),
 (225,39,'Mercado',0,1,500),
 (226,39,'Emerg&ecirc;ncia',0,1,200),
 (227,39,'Renda Extra',1,0,NULL),
 (228,39,'Geral',0,0,NULL),
 (229,40,'Sal&aacute;rio',1,0,NULL),
 (230,40,'Contas Fixas',0,0,NULL),
 (231,40,'Contas Parceladas',0,0,NULL),
 (232,40,'Mercado',0,1,500),
 (233,40,'Emerg&ecirc;ncia',0,1,200),
 (234,40,'Renda Extra',1,0,NULL),
 (235,40,'Geral',0,0,NULL),
 (236,41,'Sal&aacute;rio',1,0,NULL),
 (237,41,'Contas Fixas',0,0,NULL),
 (238,41,'Contas Parceladas',0,0,NULL),
 (239,41,'Mercado',0,1,500),
 (240,41,'Emerg&ecirc;ncia',0,1,200),
 (241,41,'Renda Extra',1,0,NULL),
 (242,41,'Geral',0,0,NULL),
 (243,42,'Sal&aacute;rio',1,0,NULL),
 (244,42,'Contas Fixas',0,0,NULL),
 (245,42,'Contas Parceladas',0,0,NULL),
 (246,42,'Mercado',0,1,500),
 (247,42,'Emerg&ecirc;ncia',0,1,200),
 (248,42,'Renda Extra',1,0,NULL),
 (249,42,'Geral',0,0,NULL),
 (250,43,'Sal&aacute;rio',1,0,NULL),
 (251,43,'Contas Fixas',0,0,NULL),
 (252,43,'Contas Parceladas',0,0,NULL),
 (253,43,'Mercado',0,1,500),
 (254,43,'Emerg&ecirc;ncia',0,1,200),
 (255,43,'Renda Extra',1,0,NULL),
 (256,43,'Geral',0,0,NULL),
 (257,44,'Sal&aacute;rio',1,0,NULL),
 (258,44,'Contas Fixas',0,0,NULL),
 (259,44,'Contas Parceladas',0,0,NULL),
 (260,44,'Mercado',0,1,500),
 (261,44,'Emerg&ecirc;ncia',0,1,200),
 (262,44,'Renda Extra',1,0,NULL),
 (263,44,'Geral',0,0,NULL),
 (264,45,'Sal&aacute;rio',1,0,NULL),
 (265,45,'Contas Fixas',0,0,NULL),
 (266,45,'Contas Parceladas',0,0,NULL),
 (267,45,'Mercado',0,1,500),
 (268,45,'Emerg&ecirc;ncia',0,1,200),
 (269,45,'Renda Extra',1,0,NULL),
 (270,45,'Geral',0,0,NULL),
 (271,46,'Depósito',1,0,NULL),
 (272,47,'Sal&aacute;rio',1,0,NULL),
 (273,47,'Contas Fixas',0,0,NULL),
 (274,47,'Contas Parceladas',0,0,NULL),
 (275,47,'Mercado',0,1,500),
 (276,47,'Emerg&ecirc;ncia',0,1,200),
 (277,47,'Renda Extra',1,0,NULL),
 (278,47,'Geral',0,0,NULL),
 (279,48,'Sal&aacute;rio',1,0,NULL),
 (280,48,'Contas Fixas',0,0,NULL),
 (281,48,'Contas Parceladas',0,0,NULL),
 (282,48,'Mercado',0,1,500),
 (283,48,'Emerg&ecirc;ncia',0,1,200),
 (284,48,'Renda Extra',1,0,NULL),
 (285,48,'Geral',0,0,NULL),
 (286,49,'Sal&aacute;rio',1,0,NULL),
 (287,49,'Contas Fixas',0,0,NULL),
 (288,49,'Contas Parceladas',0,0,NULL),
 (289,49,'Mercado',0,1,500),
 (290,49,'Emerg&ecirc;ncia',0,1,200),
 (291,49,'Renda Extra',1,0,NULL),
 (292,49,'Geral',0,0,NULL);
UNLOCK TABLES;
/*!40000 ALTER TABLE `tipomov` ENABLE KEYS */;




/*!40101 SET SQL_MODE=@OLD_SQL_MODE */;
/*!40014 SET FOREIGN_KEY_CHECKS=@OLD_FOREIGN_KEY_CHECKS */;
/*!40014 SET UNIQUE_CHECKS=@OLD_UNIQUE_CHECKS */;
/*!40101 SET CHARACTER_SET_CLIENT=@OLD_CHARACTER_SET_CLIENT */;
/*!40101 SET CHARACTER_SET_RESULTS=@OLD_CHARACTER_SET_RESULTS */;
/*!40101 SET COLLATION_CONNECTION=@OLD_COLLATION_CONNECTION */;
/*!40101 SET CHARACTER_SET_CLIENT=@OLD_CHARACTER_SET_CLIENT */;
